{"parent": "block/door_inv", "textures": {"bottom": "block/acacia_door_bottom", "particle": "block/acacia_door_top", "top": "block/acacia_door_top"}, "elements": [{"from": [0, 0, 13], "to": [3, 16, 16], "faces": {"north": {"uv": [13, 0, 16, 16], "rotation": 180, "texture": "#bottom"}, "east": {"uv": [16, 0, 13, 16], "texture": "#bottom"}, "south": {"uv": [0, 0, 3, 16], "texture": "#bottom", "cullface": "south"}, "west": {"uv": [13, 0, 16, 16], "texture": "#bottom", "cullface": "west"}, "down": {"uv": [13, 13, 16, 16], "rotation": 180, "texture": "#bottom", "cullface": "down"}}}, {"from": [0, 0, 0], "to": [3, 16, 3], "faces": {"north": {"uv": [3, 0, 0, 16], "texture": "#bottom", "cullface": "north"}, "east": {"uv": [3, 0, 0, 16], "texture": "#bottom"}, "south": {"uv": [16, 0, 13, 16], "rotation": 180, "texture": "#bottom"}, "west": {"uv": [0, 0, 3, 16], "texture": "#bottom", "cullface": "west"}, "down": {"uv": [0, 13, 3, 16], "rotation": 180, "texture": "#bottom", "cullface": "down"}}}, {"from": [0, 3, 9], "to": [3, 15, 11], "faces": {"north": {"uv": [13, 1, 16, 13], "rotation": 180, "texture": "#bottom"}, "east": {"uv": [7, 1, 5, 13], "texture": "#bottom"}, "south": {"uv": [13, 1, 16, 13], "rotation": 180, "texture": "#bottom"}, "west": {"uv": [7, 1, 5, 13], "rotation": 180, "texture": "#bottom", "cullface": "west"}}}, {"from": [0, 3, 5], "to": [3, 15, 7], "faces": {"north": {"uv": [13, 1, 16, 13], "rotation": 180, "texture": "#bottom"}, "east": {"uv": [11, 1, 9, 13], "texture": "#bottom"}, "south": {"uv": [13, 1, 16, 13], "rotation": 180, "texture": "#bottom"}, "west": {"uv": [11, 1, 9, 13], "rotation": 180, "texture": "#bottom", "cullface": "west"}}}, {"from": [0, 0, 3], "to": [3, 3, 13], "faces": {"east": {"uv": [13, 16, 3, 13], "rotation": 180, "texture": "#bottom"}, "west": {"uv": [3, 13, 13, 16], "texture": "#bottom", "cullface": "west"}, "up": {"uv": [13, 13, 3, 16], "rotation": 270, "texture": "#bottom"}, "down": {"uv": [13, 13, 3, 16], "rotation": 90, "texture": "#bottom", "cullface": "down"}}}, {"from": [0, 15, 3], "to": [3, 16, 13], "faces": {"east": {"uv": [13, 0, 3, 1], "texture": "#bottom"}, "west": {"uv": [13, 0, 3, 1], "rotation": 180, "texture": "#bottom", "cullface": "west"}, "down": {"uv": [13, 13, 3, 16], "rotation": 90, "texture": "#bottom"}}}, {"from": [-0.25, 15, 14], "to": [0, 16, 15], "faces": {"north": {"uv": [14, 0, 15, 1], "texture": "#bottom", "cullface": "west"}, "south": {"uv": [14, 0, 15, 1], "texture": "#bottom", "cullface": "west"}, "west": {"uv": [14, 0, 15, 1], "texture": "#bottom", "cullface": "west"}, "down": {"uv": [14, 0, 15, 1], "texture": "#bottom", "cullface": "west"}}}, {"from": [3, 15, 14], "to": [3.25, 16, 15], "rotation": {"angle": 0, "axis": "y", "origin": [-5, 8, 8]}, "faces": {"north": {"uv": [15, 0, 14, 1], "texture": "#bottom"}, "east": {"uv": [15, 0, 14, 1], "texture": "#bottom"}, "south": {"uv": [15, 0, 14, 1], "texture": "#bottom"}, "down": {"uv": [15, 0, 14, 1], "texture": "#bottom"}}}, {"from": [0.01, 4, -0.25], "to": [1.01, 6, 0], "faces": {"north": {"uv": [1, 10, 0, 12], "texture": "#bottom", "cullface": "north"}, "east": {"uv": [1, 10, 0, 12], "texture": "#bottom", "cullface": "north"}, "west": {"uv": [1, 10, 0, 12], "texture": "#bottom", "cullface": "north"}, "up": {"uv": [0, 11, 1, 10], "rotation": 90, "texture": "#bottom", "cullface": "north"}, "down": {"uv": [0, 12, 1, 11], "rotation": 270, "texture": "#bottom", "cullface": "north"}}}, {"from": [0.01, 15, -0.25], "to": [1.01, 16, 0], "faces": {"north": {"uv": [1, 0, 0, 1], "texture": "#bottom", "cullface": "north"}, "east": {"uv": [1, 0, 0, 1], "texture": "#bottom", "cullface": "north"}, "west": {"uv": [1, 0, 0, 1], "texture": "#bottom", "cullface": "north"}, "down": {"uv": [0, 1, 1, 0], "rotation": 270, "texture": "#bottom", "cullface": "north"}}}, {"from": [3, 4, 0], "to": [3.25, 6, 1], "rotation": {"angle": 0, "axis": "y", "origin": [-5, 8, 8]}, "faces": {"north": {"uv": [1, 10, 0, 12], "texture": "#bottom"}, "east": {"uv": [1, 10, 0, 12], "texture": "#bottom"}, "south": {"uv": [1, 10, 0, 12], "texture": "#bottom"}, "up": {"uv": [1, 10, 0, 11], "texture": "#bottom"}, "down": {"uv": [1, 11, 0, 12], "texture": "#bottom"}}}, {"from": [3, 15, 0], "to": [3.25, 16, 1], "rotation": {"angle": 0, "axis": "y", "origin": [-5, 8, 8]}, "faces": {"north": {"uv": [1, 0, 0, 1], "texture": "#bottom"}, "east": {"uv": [1, 0, 0, 1], "texture": "#bottom"}, "south": {"uv": [1, 0, 0, 1], "texture": "#bottom"}, "down": {"uv": [1, 0, 0, 1], "texture": "#bottom"}}}, {"from": [0.01, 4, 16], "to": [1.01, 6, 16.25], "faces": {"east": {"uv": [0, 10, 1, 12], "texture": "#bottom", "cullface": "south"}, "south": {"uv": [0, 10, 1, 12], "texture": "#bottom", "cullface": "south"}, "west": {"uv": [0, 10, 1, 12], "texture": "#bottom", "cullface": "south"}, "up": {"uv": [1, 11, 0, 10], "rotation": 90, "texture": "#bottom", "cullface": "south"}, "down": {"uv": [1, 12, 0, 11], "rotation": 270, "texture": "#bottom", "cullface": "south"}}}, {"from": [0.01, 15, 16], "to": [1.01, 16, 16.25], "faces": {"east": {"uv": [0, 0, 1, 1], "texture": "#bottom", "cullface": "south"}, "south": {"uv": [0, 0, 1, 1], "texture": "#bottom", "cullface": "south"}, "west": {"uv": [0, 0, 1, 1], "texture": "#bottom", "cullface": "south"}, "down": {"uv": [1, 1, 0, 0], "rotation": 270, "texture": "#bottom", "cullface": "south"}}}, {"from": [-0.25, 4, 0], "to": [0, 6, 1], "faces": {"north": {"uv": [0, 10, 1, 12], "texture": "#bottom", "cullface": "west"}, "south": {"uv": [0, 10, 1, 12], "texture": "#bottom", "cullface": "west"}, "west": {"uv": [0, 10, 1, 12], "texture": "#bottom", "cullface": "west"}, "up": {"uv": [0, 10, 1, 11], "texture": "#bottom", "cullface": "west"}, "down": {"uv": [0, 11, 1, 12], "texture": "#bottom", "cullface": "west"}}}, {"from": [-0.25, 15, 0], "to": [0, 16, 1], "faces": {"north": {"uv": [0, 0, 1, 1], "texture": "#bottom", "cullface": "west"}, "south": {"uv": [0, 0, 1, 1], "texture": "#bottom", "cullface": "west"}, "west": {"uv": [0, 0, 1, 1], "texture": "#bottom", "cullface": "west"}, "down": {"uv": [0, 0, 1, 1], "texture": "#bottom", "cullface": "west"}}}, {"from": [0, 16, 3], "to": [3, 17, 13], "rotation": {"angle": 0, "axis": "y", "origin": [8, 24, 8]}, "faces": {"east": {"uv": [3, 15, 13, 16], "rotation": 180, "texture": "#top"}, "west": {"uv": [13, 15, 3, 16], "rotation": 180, "texture": "#top", "cullface": "west"}, "up": {"uv": [3, 0, 13, 3], "rotation": 90, "texture": "#top"}}}, {"from": [0, 29, 3], "to": [3, 32, 13], "rotation": {"angle": 0, "axis": "y", "origin": [8, 24, 8]}, "faces": {"east": {"uv": [13, 0, 3, 3], "texture": "#top"}, "west": {"uv": [3, 0, 13, 3], "texture": "#top", "cullface": "west"}, "up": {"uv": [13, 3, 16, 13], "texture": "#bottom", "cullface": "up"}, "down": {"uv": [3, 0, 13, 3], "rotation": 90, "texture": "#top"}}}, {"from": [0, 17, 9], "to": [3, 29, 11], "rotation": {"angle": 0, "axis": "y", "origin": [8, 24, 8]}, "faces": {"north": {"uv": [16, 3, 13, 15], "rotation": 180, "texture": "#top"}, "east": {"uv": [7, 3, 5, 15], "texture": "#top"}, "south": {"uv": [16, 3, 13, 15], "rotation": 180, "texture": "#top"}, "west": {"uv": [11, 3, 9, 15], "rotation": 180, "texture": "#top", "cullface": "west"}}}, {"from": [0, 17, 5], "to": [3, 29, 7], "rotation": {"angle": 0, "axis": "y", "origin": [8, 24, 8]}, "faces": {"north": {"uv": [16, 3, 13, 15], "rotation": 180, "texture": "#top"}, "east": {"uv": [11, 3, 9, 15], "texture": "#top"}, "south": {"uv": [16, 3, 13, 15], "rotation": 180, "texture": "#top"}, "west": {"uv": [7, 3, 5, 15], "rotation": 180, "texture": "#top", "cullface": "west"}}}, {"from": [0, 16, 13], "to": [3, 32, 16], "rotation": {"angle": 0, "axis": "y", "origin": [8, 24, 8]}, "faces": {"north": {"uv": [16, 0, 13, 16], "rotation": 180, "texture": "#top"}, "east": {"uv": [16, 0, 13, 16], "texture": "#top"}, "south": {"uv": [0, 0, 3, 16], "texture": "#top", "cullface": "south"}, "west": {"uv": [13, 0, 16, 16], "texture": "#top", "cullface": "west"}, "up": {"uv": [13, 13, 16, 16], "texture": "#bottom", "cullface": "up"}}}, {"from": [0, 16, 0], "to": [3, 32, 3], "rotation": {"angle": 0, "axis": "y", "origin": [8, 24, 8]}, "faces": {"north": {"uv": [3, 0, 0, 16], "texture": "#top", "cullface": "north"}, "east": {"uv": [3, 0, 0, 16], "texture": "#top"}, "south": {"uv": [16, 0, 13, 16], "rotation": 180, "texture": "#top"}, "west": {"uv": [0, 0, 3, 16], "texture": "#top", "cullface": "west"}, "up": {"uv": [13, 0, 16, 3], "texture": "#bottom", "cullface": "up"}}}, {"from": [-0.25, 15.99, 12], "to": [0, 16.99, 15], "rotation": {"angle": 0, "axis": "y", "origin": [8, 24, 8]}, "faces": {"north": {"uv": [12, 15, 13, 16], "texture": "#top", "cullface": "west"}, "south": {"uv": [14, 15, 15, 16], "texture": "#top", "cullface": "west"}, "west": {"uv": [12, 15, 15, 16], "texture": "#top", "cullface": "west"}, "up": {"uv": [12, 15, 15, 16], "rotation": 90, "texture": "#top", "cullface": "west"}, "down": {"uv": [12, 15, 15, 16], "rotation": 270, "texture": "#top", "cullface": "west"}}}, {"from": [3, 15.99, 12], "to": [3.25, 16.99, 15], "rotation": {"angle": 0, "axis": "y", "origin": [8, 24, 8]}, "faces": {"north": {"uv": [13, 15, 12, 16], "texture": "#top"}, "east": {"uv": [15, 15, 12, 16], "texture": "#top"}, "south": {"uv": [15, 15, 14, 16], "texture": "#top"}, "up": {"uv": [12, 16, 15, 15], "rotation": 90, "texture": "#top"}, "down": {"uv": [12, 16, 15, 15], "rotation": 270, "texture": "#top", "cullface": "down"}}}, {"from": [-0.25, 16, 0], "to": [0, 17, 1], "rotation": {"angle": 0, "axis": "y", "origin": [8, 24, 8]}, "faces": {"north": {"uv": [0, 15, 1, 16], "texture": "#top", "cullface": "west"}, "south": {"uv": [0, 15, 1, 16], "texture": "#top", "cullface": "west"}, "west": {"uv": [0, 15, 1, 16], "texture": "#top", "cullface": "west"}, "up": {"uv": [0, 15, 1, 16], "texture": "#top", "cullface": "west"}}}, {"from": [-0.25, 26, 0], "to": [0, 28, 1], "rotation": {"angle": 0, "axis": "y", "origin": [8, 34, 8]}, "faces": {"north": {"uv": [0, 4, 1, 6], "texture": "#top", "cullface": "west"}, "south": {"uv": [0, 4, 1, 6], "texture": "#top", "cullface": "west"}, "west": {"uv": [0, 4, 1, 6], "texture": "#top", "cullface": "west"}, "up": {"uv": [0, 4, 1, 5], "texture": "#top", "cullface": "west"}, "down": {"uv": [0, 5, 1, 6], "texture": "#top", "cullface": "west"}}}, {"from": [0.01, 16, -0.25], "to": [1.01, 17, 0], "rotation": {"angle": 0, "axis": "y", "origin": [8, 24, 8]}, "faces": {"north": {"uv": [1, 15, 0, 16], "texture": "#top", "cullface": "north"}, "east": {"uv": [1, 15, 0, 16], "texture": "#top", "cullface": "north"}, "west": {"uv": [1, 15, 0, 16], "texture": "#top", "cullface": "north"}, "up": {"uv": [0, 16, 1, 15], "rotation": 90, "texture": "#top", "cullface": "north"}}}, {"from": [0.01, 26, -0.25], "to": [1.01, 28, 0], "rotation": {"angle": 0, "axis": "y", "origin": [8, 34, 8]}, "faces": {"north": {"uv": [1, 4, 0, 6], "texture": "#top", "cullface": "north"}, "east": {"uv": [1, 4, 0, 6], "texture": "#top", "cullface": "north"}, "west": {"uv": [1, 4, 0, 6], "texture": "#top", "cullface": "north"}, "up": {"uv": [0, 5, 1, 4], "rotation": 90, "texture": "#top", "cullface": "north"}, "down": {"uv": [0, 6, 1, 5], "rotation": 270, "texture": "#top"}}}, {"from": [0.01, 16, 16], "to": [1.01, 17, 16.25], "rotation": {"angle": 0, "axis": "y", "origin": [8, 24, 8]}, "faces": {"east": {"uv": [0, 15, 1, 16], "texture": "#top", "cullface": "south"}, "south": {"uv": [0, 15, 1, 16], "texture": "#top", "cullface": "south"}, "west": {"uv": [0, 15, 1, 16], "texture": "#top", "cullface": "south"}, "up": {"uv": [1, 16, 0, 15], "rotation": 90, "texture": "#top", "cullface": "south"}}}, {"from": [0.01, 26, 16], "to": [1.01, 28, 16.25], "rotation": {"angle": 0, "axis": "y", "origin": [8, 34, 8]}, "faces": {"east": {"uv": [0, 4, 1, 6], "texture": "#top", "cullface": "south"}, "south": {"uv": [0, 4, 1, 6], "texture": "#top", "cullface": "south"}, "west": {"uv": [0, 4, 1, 6], "texture": "#top", "cullface": "south"}, "up": {"uv": [1, 5, 0, 4], "rotation": 90, "texture": "#top", "cullface": "south"}, "down": {"uv": [1, 6, 0, 5], "rotation": 270, "texture": "#top", "cullface": "south"}}}, {"from": [3, 16, 0], "to": [3.25, 17, 1], "rotation": {"angle": 0, "axis": "y", "origin": [-5, 24, 8]}, "faces": {"north": {"uv": [1, 15, 0, 16], "texture": "#top", "cullface": "east"}, "east": {"uv": [1, 15, 0, 16], "texture": "#top", "cullface": "east"}, "south": {"uv": [1, 15, 0, 16], "texture": "#top", "cullface": "east"}, "up": {"uv": [1, 15, 0, 16], "texture": "#top", "cullface": "east"}}}, {"from": [3, 26, 0], "to": [3.25, 28, 1], "rotation": {"angle": 0, "axis": "y", "origin": [-5, 34, 8]}, "faces": {"north": {"uv": [1, 4, 0, 6], "texture": "#top", "cullface": "east"}, "east": {"uv": [1, 4, 0, 6], "texture": "#top", "cullface": "east"}, "south": {"uv": [1, 4, 0, 6], "texture": "#top", "cullface": "east"}, "up": {"uv": [1, 4, 0, 5], "texture": "#top", "cullface": "east"}, "down": {"uv": [1, 5, 0, 6], "texture": "#top", "cullface": "east"}}}], "groups": [0, 1, 2, 3, 4, 5, 6, 7, {"name": "door_hinges_bottom", "origin": [8, 8, 8], "children": [{"name": "north", "origin": [8, 8, 8], "children": [8, 9]}, {"name": "east", "origin": [8, 8, 8], "children": [10, 11]}, {"name": "south", "origin": [8, 8, 8], "children": [12, 13]}, {"name": "west", "origin": [8, 8, 8], "children": [14, 15]}]}, {"name": "acacia_door_top", "origin": [8, 8, 8], "children": [16, 17, 18, 19, 20, 21, 22, 23, {"name": "door_hinges_top", "origin": [8, 8, 8], "children": [{"name": "west", "origin": [8, 8, 8], "children": [24, 25]}, {"name": "north", "origin": [8, 8, 8], "children": [26, 27]}, {"name": "south", "origin": [8, 8, 8], "children": [28, 29]}, {"name": "east", "origin": [8, 8, 8], "children": [30, 31]}]}]}]}