{"parent": "block/door_inv", "textures": {"particle": "block/jungle_door_top", "top": "block/jungle_door_top", "bottom": "block/jungle_door_bottom"}, "elements": [{"from": [0, 0, 0], "to": [3, 16, 16], "faces": {"north": {"uv": [3, 0, 0, 16], "texture": "#bottom", "cullface": "north"}, "east": {"uv": [16, 0, 0, 16], "texture": "#bottom"}, "south": {"uv": [0, 0, 3, 16], "texture": "#bottom", "cullface": "south"}, "west": {"uv": [0, 0, 16, 16], "texture": "#bottom", "cullface": "west"}, "down": {"uv": [13, 0, 16, 16], "texture": "#bottom", "cullface": "down"}}}, {"from": [0.01, 4, -0.25], "to": [1.01, 6, 0], "faces": {"north": {"uv": [1, 10, 0, 12], "texture": "#bottom", "cullface": "north"}, "east": {"uv": [1, 10, 0, 12], "texture": "#bottom", "cullface": "north"}, "west": {"uv": [1, 10, 0, 12], "texture": "#bottom", "cullface": "north"}, "up": {"uv": [0, 11, 1, 10], "rotation": 90, "texture": "#bottom", "cullface": "north"}, "down": {"uv": [0, 12, 1, 11], "rotation": 270, "texture": "#bottom", "cullface": "north"}}}, {"from": [0.01, 15, -0.25], "to": [1.01, 16, 0], "faces": {"north": {"uv": [1, 0, 0, 1], "texture": "#bottom", "cullface": "north"}, "east": {"uv": [1, 0, 0, 1], "texture": "#bottom", "cullface": "north"}, "west": {"uv": [1, 0, 0, 1], "texture": "#bottom", "cullface": "north"}, "down": {"uv": [0, 1, 1, 0], "rotation": 270, "texture": "#bottom", "cullface": "north"}}}, {"from": [3, 4, 0], "to": [3.25, 6, 1], "rotation": {"angle": 0, "axis": "y", "origin": [-5, 8, 8]}, "faces": {"north": {"uv": [1, 10, 0, 12], "texture": "#bottom"}, "east": {"uv": [1, 10, 0, 12], "texture": "#bottom"}, "south": {"uv": [1, 10, 0, 12], "texture": "#bottom"}, "up": {"uv": [1, 10, 0, 11], "texture": "#bottom"}, "down": {"uv": [1, 11, 0, 12], "texture": "#bottom"}}}, {"from": [3, 15, 0], "to": [3.25, 16, 1], "rotation": {"angle": 0, "axis": "y", "origin": [-5, 8, 8]}, "faces": {"north": {"uv": [1, 0, 0, 1], "texture": "#bottom"}, "east": {"uv": [1, 0, 0, 1], "texture": "#bottom"}, "south": {"uv": [1, 0, 0, 1], "texture": "#bottom"}, "down": {"uv": [1, 0, 0, 1], "texture": "#bottom"}}}, {"from": [0.01, 4, 16], "to": [1.01, 6, 16.25], "faces": {"east": {"uv": [0, 10, 1, 12], "texture": "#bottom", "cullface": "south"}, "south": {"uv": [0, 10, 1, 12], "texture": "#bottom", "cullface": "south"}, "west": {"uv": [0, 10, 1, 12], "texture": "#bottom", "cullface": "south"}, "up": {"uv": [1, 11, 0, 10], "rotation": 90, "texture": "#bottom", "cullface": "south"}, "down": {"uv": [1, 12, 0, 11], "rotation": 270, "texture": "#bottom", "cullface": "south"}}}, {"from": [0.01, 15, 16], "to": [1.01, 16, 16.25], "faces": {"east": {"uv": [0, 0, 1, 1], "texture": "#bottom", "cullface": "south"}, "south": {"uv": [0, 0, 1, 1], "texture": "#bottom", "cullface": "south"}, "west": {"uv": [0, 0, 1, 1], "texture": "#bottom", "cullface": "south"}, "down": {"uv": [1, 1, 0, 0], "rotation": 270, "texture": "#bottom", "cullface": "south"}}}, {"from": [-0.25, 4, 0], "to": [0, 6, 1], "faces": {"north": {"uv": [0, 10, 1, 12], "texture": "#bottom", "cullface": "west"}, "south": {"uv": [0, 10, 1, 12], "texture": "#bottom", "cullface": "west"}, "west": {"uv": [0, 10, 1, 12], "texture": "#bottom", "cullface": "west"}, "up": {"uv": [0, 10, 1, 11], "texture": "#bottom", "cullface": "west"}, "down": {"uv": [0, 11, 1, 12], "texture": "#bottom", "cullface": "west"}}}, {"from": [-0.25, 15, 0], "to": [0, 16, 1], "faces": {"north": {"uv": [0, 0, 1, 1], "texture": "#bottom", "cullface": "west"}, "south": {"uv": [0, 0, 1, 1], "texture": "#bottom", "cullface": "west"}, "west": {"uv": [0, 0, 1, 1], "texture": "#bottom", "cullface": "west"}, "down": {"uv": [0, 0, 1, 1], "texture": "#bottom", "cullface": "west"}}}, {"name": "Cube", "from": [0, 16, 0], "to": [3, 32, 3], "rotation": {"angle": 0, "axis": "y", "origin": [8, 24, 8]}, "faces": {"north": {"uv": [3, 0, 0, 16], "texture": "#top", "cullface": "north"}, "east": {"uv": [3, 0, 0, 16], "texture": "#top"}, "west": {"uv": [0, 0, 3, 16], "texture": "#top", "cullface": "west"}, "up": {"uv": [13, 0, 16, 3], "texture": "#bottom", "cullface": "up"}}}, {"name": "Cube", "from": [0, 16, 3], "to": [3, 22, 6], "rotation": {"angle": 0, "axis": "y", "origin": [8, 24, 8]}, "faces": {"east": {"uv": [2, 10, 5, 16], "texture": "#top"}, "south": {"uv": [3, 10, 6, 16], "texture": "#top"}, "west": {"uv": [3, 11, 6, 16], "texture": "#top", "cullface": "west"}}}, {"name": "Cube", "from": [0, 16, 6], "to": [3, 20, 10], "rotation": {"angle": 0, "axis": "y", "origin": [8, 24, 8]}, "faces": {"east": {"uv": [6, 12, 10, 16], "texture": "#top"}, "west": {"uv": [6, 12, 10, 16], "texture": "#top", "cullface": "west"}, "up": {"uv": [12, 0, 16, 3], "rotation": 90, "texture": "#top"}}}, {"name": "Cube", "from": [0, 29, 3], "to": [3, 32, 13], "rotation": {"angle": 0, "axis": "y", "origin": [8, 24, 8]}, "faces": {"east": {"uv": [13, 0, 3, 3], "texture": "#top"}, "west": {"uv": [3, 0, 13, 3], "texture": "#top", "cullface": "west"}, "up": {"uv": [13, 3, 16, 13], "texture": "#bottom", "cullface": "up"}, "down": {"uv": [13, 0, 16, 10], "texture": "#top"}}}, {"name": "Cube", "from": [0, 16, 10], "to": [3, 22, 13], "rotation": {"angle": 0, "axis": "y", "origin": [8, 24, 8]}, "faces": {"north": {"uv": [10, 10, 13, 16], "texture": "#top"}, "east": {"uv": [13, 10, 10, 16], "texture": "#top"}, "west": {"uv": [10, 10, 13, 16], "texture": "#top", "cullface": "west"}}}, {"name": "Cube", "from": [0, 16, 13], "to": [3, 32, 16], "rotation": {"angle": 0, "axis": "y", "origin": [8, 24, 8]}, "faces": {"east": {"uv": [16, 0, 13, 16], "texture": "#top"}, "south": {"uv": [0, 0, 3, 16], "texture": "#top", "cullface": "south"}, "west": {"uv": [13, 0, 16, 16], "texture": "#top", "cullface": "west"}, "up": {"uv": [13, 13, 16, 16], "texture": "#bottom", "cullface": "up"}}}, {"from": [0, 22, 3], "to": [3, 24, 13], "rotation": {"angle": 0, "axis": "y", "origin": [8, 24, 8]}, "faces": {"east": {"uv": [13, 8, 3, 10], "texture": "#top"}, "west": {"uv": [3, 8, 13, 10], "texture": "#top", "cullface": "west"}, "up": {"uv": [13, 0, 16, 10], "texture": "#top"}, "down": {"uv": [13, 0, 16, 10], "texture": "#top"}}}, {"from": [0, 20, 6], "to": [3, 21, 7], "rotation": {"angle": 0, "axis": "y", "origin": [8, 24, 8]}, "faces": {"east": {"uv": [9, 11, 10, 12], "texture": "#top"}, "south": {"uv": [10, 11, 13, 12], "texture": "#top"}, "west": {"uv": [6, 11, 7, 12], "texture": "#top", "cullface": "west"}, "up": {"uv": [11, 11, 14, 12], "texture": "#top"}}}, {"from": [0, 20, 9], "to": [3, 21, 10], "rotation": {"angle": 0, "axis": "y", "origin": [8, 24, 8]}, "faces": {"north": {"uv": [10, 12, 13, 13], "texture": "#top"}, "east": {"uv": [6, 11, 7, 12], "texture": "#top"}, "west": {"uv": [6, 11, 7, 12], "texture": "#top", "cullface": "west"}, "up": {"uv": [11, 11, 14, 12], "texture": "#top"}}}, {"from": [0, 24, 3], "to": [3, 29, 4], "rotation": {"angle": 0, "axis": "y", "origin": [8, 24, 8]}, "faces": {"east": {"uv": [3, 3, 4, 8], "texture": "#top"}, "south": {"uv": [13, 0, 16, 5], "texture": "#top"}, "west": {"uv": [3, 3, 4, 8], "texture": "#top", "cullface": "west"}}}, {"from": [0, 24, 12], "to": [3, 29, 13], "rotation": {"angle": 0, "axis": "y", "origin": [8, 24, 8]}, "faces": {"north": {"uv": [13, 0, 16, 5], "texture": "#top"}, "east": {"uv": [3, 3, 4, 8], "texture": "#top"}, "west": {"uv": [12, 3, 13, 8], "texture": "#top", "cullface": "west"}}}, {"from": [0, 27, 4], "to": [3, 29, 5], "rotation": {"angle": 0, "axis": "y", "origin": [8, 24, 8]}, "faces": {"east": {"uv": [11, 3, 12, 5], "texture": "#top"}, "south": {"uv": [1, 11, 4, 13], "texture": "#top"}, "west": {"uv": [4, 3, 5, 5], "texture": "#top", "cullface": "west"}, "down": {"uv": [9, 0, 12, 1], "texture": "#top"}}}, {"from": [0, 27, 11], "to": [3, 29, 12], "rotation": {"angle": 0, "axis": "y", "origin": [8, 24, 8]}, "faces": {"north": {"uv": [0, 11, 3, 13], "texture": "#top"}, "east": {"uv": [4, 3, 5, 5], "texture": "#top"}, "west": {"uv": [11, 3, 12, 5], "texture": "#top", "cullface": "west"}, "down": {"uv": [0, 0, 3, 1], "texture": "#top"}}}, {"from": [0, 28, 10], "to": [3, 29, 11], "rotation": {"angle": 0, "axis": "y", "origin": [8, 24, 8]}, "faces": {"east": {"uv": [5, 3, 6, 4], "texture": "#top"}, "west": {"uv": [10, 3, 11, 4], "texture": "#top", "cullface": "west"}, "down": {"uv": [11, 0, 14, 1], "texture": "#top"}}}, {"from": [0, 28, 5], "to": [3, 29, 6], "rotation": {"angle": 0, "axis": "y", "origin": [8, 24, 8]}, "faces": {"east": {"uv": [10, 3, 11, 4], "texture": "#top"}, "west": {"uv": [5, 3, 6, 4], "texture": "#top", "cullface": "west"}, "down": {"uv": [11, 1, 14, 2], "texture": "#top"}}}, {"from": [0, 24, 6], "to": [3, 29, 7], "rotation": {"angle": 0, "axis": "y", "origin": [8, 24, 8]}, "faces": {"north": {"uv": [13, 0, 16, 5], "texture": "#top"}, "east": {"uv": [9, 3, 10, 8], "texture": "#top"}, "south": {"uv": [13, 0, 16, 5], "texture": "#top"}, "west": {"uv": [6, 3, 7, 8], "texture": "#top", "cullface": "west"}}}, {"from": [0, 24, 9], "to": [3, 29, 10], "rotation": {"angle": 0, "axis": "y", "origin": [8, 24, 8]}, "faces": {"north": {"uv": [13, 0, 16, 5], "texture": "#top"}, "east": {"uv": [6, 3, 7, 8], "texture": "#top"}, "south": {"uv": [13, 0, 16, 5], "texture": "#top"}, "west": {"uv": [9, 3, 10, 8], "texture": "#top", "cullface": "west"}}}, {"from": [-0.25, 16, 11], "to": [0, 17, 12], "rotation": {"angle": 0, "axis": "y", "origin": [8.75, 24, 8]}, "faces": {"north": {"uv": [11, 15, 12, 16], "texture": "#top", "cullface": "west"}, "south": {"uv": [11, 15, 12, 16], "texture": "#top", "cullface": "west"}, "west": {"uv": [11, 15, 12, 16], "texture": "#top", "cullface": "west"}, "down": {"uv": [11, 15, 12, 16], "texture": "#top", "cullface": "west"}}}, {"from": [3, 16, 11], "to": [3.25, 17, 12], "rotation": {"angle": 0, "axis": "y", "origin": [-5.75, 24, 8]}, "faces": {"north": {"uv": [12, 15, 11, 16], "texture": "#top"}, "east": {"uv": [12, 15, 11, 16], "texture": "#top"}, "south": {"uv": [12, 15, 11, 16], "texture": "#top"}, "down": {"uv": [12, 15, 11, 16], "texture": "#top", "cullface": "down"}}}, {"from": [-0.25, 17, 11], "to": [0, 18, 14], "rotation": {"angle": 0, "axis": "y", "origin": [8.75, 24, 8]}, "faces": {"north": {"uv": [11, 14, 12, 15], "texture": "#top", "cullface": "west"}, "south": {"uv": [13, 14, 14, 15], "texture": "#top", "cullface": "west"}, "west": {"uv": [11, 14, 14, 15], "texture": "#top", "cullface": "west"}, "up": {"uv": [11, 14, 14, 15], "rotation": 90, "texture": "#top", "cullface": "west"}, "down": {"uv": [11, 14, 14, 15], "rotation": 270, "texture": "#top", "cullface": "west"}}}, {"from": [3, 17, 11], "to": [3.25, 18, 14], "rotation": {"angle": 0, "axis": "y", "origin": [-5.75, 24, 8]}, "faces": {"north": {"uv": [12, 14, 11, 15], "texture": "#top"}, "east": {"uv": [14, 14, 11, 15], "texture": "#top"}, "south": {"uv": [14, 14, 13, 15], "texture": "#top"}, "up": {"uv": [11, 15, 14, 14], "rotation": 90, "texture": "#top"}, "down": {"uv": [11, 15, 14, 14], "rotation": 270, "texture": "#top"}}}, {"from": [-0.25, 16, 0], "to": [0, 17, 1], "rotation": {"angle": 0, "axis": "y", "origin": [8, 24, 8]}, "faces": {"north": {"uv": [0, 15, 1, 16], "texture": "#top", "cullface": "west"}, "south": {"uv": [0, 15, 1, 16], "texture": "#top", "cullface": "west"}, "west": {"uv": [0, 15, 1, 16], "texture": "#top", "cullface": "west"}, "up": {"uv": [0, 15, 1, 16], "texture": "#top", "cullface": "west"}}}, {"from": [-0.25, 26, 0], "to": [0, 28, 1], "rotation": {"angle": 0, "axis": "y", "origin": [8, 34, 8]}, "faces": {"north": {"uv": [0, 4, 1, 6], "texture": "#top", "cullface": "west"}, "south": {"uv": [0, 4, 1, 6], "texture": "#top", "cullface": "west"}, "west": {"uv": [0, 4, 1, 6], "texture": "#top", "cullface": "west"}, "up": {"uv": [0, 4, 1, 5], "texture": "#top", "cullface": "west"}, "down": {"uv": [0, 5, 1, 6], "texture": "#top", "cullface": "west"}}}, {"from": [0.01, 16, -0.25], "to": [1.01, 17, 0], "rotation": {"angle": 0, "axis": "y", "origin": [8, 24, 8]}, "faces": {"north": {"uv": [1, 15, 0, 16], "texture": "#top", "cullface": "north"}, "east": {"uv": [1, 15, 0, 16], "texture": "#top", "cullface": "north"}, "west": {"uv": [1, 15, 0, 16], "texture": "#top", "cullface": "north"}, "up": {"uv": [0, 16, 1, 15], "rotation": 90, "texture": "#top", "cullface": "north"}}}, {"from": [0.01, 26, -0.25], "to": [1.01, 28, 0], "rotation": {"angle": 0, "axis": "y", "origin": [8, 34, 8]}, "faces": {"north": {"uv": [1, 4, 0, 6], "texture": "#top", "cullface": "north"}, "east": {"uv": [1, 4, 0, 6], "texture": "#top", "cullface": "north"}, "west": {"uv": [1, 4, 0, 6], "texture": "#top", "cullface": "north"}, "up": {"uv": [0, 5, 1, 4], "rotation": 90, "texture": "#top", "cullface": "north"}, "down": {"uv": [0, 6, 1, 5], "rotation": 270, "texture": "#top"}}}, {"from": [0.01, 16, 16], "to": [1.01, 17, 16.25], "rotation": {"angle": 0, "axis": "y", "origin": [8, 24, 8]}, "faces": {"east": {"uv": [0, 15, 1, 16], "texture": "#top", "cullface": "south"}, "south": {"uv": [0, 15, 1, 16], "texture": "#top", "cullface": "south"}, "west": {"uv": [0, 15, 1, 16], "texture": "#top", "cullface": "south"}, "up": {"uv": [1, 16, 0, 15], "rotation": 90, "texture": "#top", "cullface": "south"}}}, {"from": [0.01, 26, 16], "to": [1.01, 28, 16.25], "rotation": {"angle": 0, "axis": "y", "origin": [8, 34, 8]}, "faces": {"east": {"uv": [0, 4, 1, 6], "texture": "#top", "cullface": "south"}, "south": {"uv": [0, 4, 1, 6], "texture": "#top", "cullface": "south"}, "west": {"uv": [0, 4, 1, 6], "texture": "#top", "cullface": "south"}, "up": {"uv": [1, 5, 0, 4], "rotation": 90, "texture": "#top", "cullface": "south"}, "down": {"uv": [1, 6, 0, 5], "rotation": 270, "texture": "#top", "cullface": "south"}}}, {"from": [3, 16, 0], "to": [3.25, 17, 1], "rotation": {"angle": 0, "axis": "y", "origin": [-5, 24, 8]}, "faces": {"north": {"uv": [1, 15, 0, 16], "texture": "#top", "cullface": "east"}, "east": {"uv": [1, 15, 0, 16], "texture": "#top", "cullface": "east"}, "south": {"uv": [1, 15, 0, 16], "texture": "#top", "cullface": "east"}, "up": {"uv": [1, 15, 0, 16], "texture": "#top", "cullface": "east"}}}, {"from": [3, 26, 0], "to": [3.25, 28, 1], "rotation": {"angle": 0, "axis": "y", "origin": [-5, 34, 8]}, "faces": {"north": {"uv": [1, 4, 0, 6], "texture": "#top", "cullface": "east"}, "east": {"uv": [1, 4, 0, 6], "texture": "#top", "cullface": "east"}, "south": {"uv": [1, 4, 0, 6], "texture": "#top", "cullface": "east"}, "up": {"uv": [1, 4, 0, 5], "texture": "#top", "cullface": "east"}, "down": {"uv": [1, 5, 0, 6], "texture": "#top", "cullface": "east"}}}], "groups": [0, {"name": "door_hinges_bottom", "origin": [8, 8, 8], "color": 0, "children": [{"name": "north", "origin": [8, 8, 8], "color": 0, "children": [1, 2]}, {"name": "east", "origin": [8, 8, 8], "color": 0, "children": [3, 4]}, {"name": "south", "origin": [8, 8, 8], "color": 0, "children": [5, 6]}, {"name": "west", "origin": [8, 8, 8], "color": 0, "children": [7, 8]}]}, {"name": "jungle_door_top", "origin": [8, 8, 8], "color": 0, "children": [9, 10, 11, 12, 13, 14, 15, 16, 17, 18, 19, 20, 21, 22, 23, 24, 25, {"name": "oak_door_top", "origin": [8, 8, 8], "color": 0, "children": [26, 27, 28, 29]}, {"name": "door_hinges_top", "origin": [8, 8, 8], "color": 0, "children": [{"name": "west", "origin": [8, 8, 8], "color": 0, "children": [30, 31]}, {"name": "north", "origin": [8, 8, 8], "color": 0, "children": [32, 33]}, {"name": "south", "origin": [8, 8, 8], "color": 0, "children": [34, 35]}, {"name": "east", "origin": [8, 8, 8], "color": 0, "children": [36, 37]}]}]}]}