{"parent": "minecraft:block/door_top", "ambientocclusion": false, "textures": {"particle": "block/jungle_door_top", "top": "block/jungle_door_top", "bottom": "block/jungle_door_bottom"}, "elements": [{"name": "Cube", "from": [0, 0, 0], "to": [3, 16, 3], "faces": {"north": {"uv": [3, 0, 0, 16], "texture": "#top", "cullface": "north"}, "east": {"uv": [3, 0, 0, 16], "texture": "#top"}, "west": {"uv": [0, 0, 3, 16], "texture": "#top", "cullface": "west"}, "up": {"uv": [13, 0, 16, 3], "texture": "#bottom", "cullface": "up"}}}, {"name": "Cube", "from": [0, 0, 3], "to": [3, 6, 6], "faces": {"east": {"uv": [2, 10, 5, 16], "texture": "#top"}, "south": {"uv": [3, 10, 6, 16], "texture": "#top"}, "west": {"uv": [3, 11, 6, 16], "texture": "#top", "cullface": "west"}}}, {"name": "Cube", "from": [0, 0, 6], "to": [3, 4, 10], "faces": {"east": {"uv": [6, 12, 10, 16], "texture": "#top"}, "west": {"uv": [6, 12, 10, 16], "texture": "#top", "cullface": "west"}, "up": {"uv": [12, 0, 16, 3], "rotation": 90, "texture": "#top"}}}, {"name": "Cube", "from": [0, 13, 3], "to": [3, 16, 13], "faces": {"east": {"uv": [13, 0, 3, 3], "texture": "#top"}, "west": {"uv": [3, 0, 13, 3], "texture": "#top", "cullface": "west"}, "up": {"uv": [13, 3, 16, 13], "texture": "#bottom", "cullface": "up"}, "down": {"uv": [13, 0, 16, 10], "texture": "#top"}}}, {"name": "Cube", "from": [0, 0, 10], "to": [3, 6, 13], "faces": {"north": {"uv": [10, 10, 13, 16], "texture": "#top"}, "east": {"uv": [13, 10, 10, 16], "texture": "#top"}, "west": {"uv": [10, 10, 13, 16], "texture": "#top", "cullface": "west"}}}, {"name": "Cube", "from": [0, 0, 13], "to": [3, 16, 16], "faces": {"east": {"uv": [16, 0, 13, 16], "texture": "#top"}, "south": {"uv": [0, 0, 3, 16], "texture": "#top", "cullface": "south"}, "west": {"uv": [13, 0, 16, 16], "texture": "#top", "cullface": "west"}, "up": {"uv": [13, 13, 16, 16], "texture": "#bottom", "cullface": "up"}}}, {"from": [0, 6, 3], "to": [3, 8, 13], "faces": {"east": {"uv": [13, 8, 3, 10], "texture": "#top"}, "west": {"uv": [3, 8, 13, 10], "texture": "#top", "cullface": "west"}, "up": {"uv": [13, 0, 16, 10], "texture": "#top"}, "down": {"uv": [13, 0, 16, 10], "texture": "#top"}}}, {"from": [0, 4, 6], "to": [3, 5, 7], "faces": {"east": {"uv": [9, 11, 10, 12], "texture": "#top"}, "south": {"uv": [10, 11, 13, 12], "texture": "#top"}, "west": {"uv": [6, 11, 7, 12], "texture": "#top", "cullface": "west"}, "up": {"uv": [11, 11, 14, 12], "texture": "#top"}}}, {"from": [0, 4, 9], "to": [3, 5, 10], "faces": {"north": {"uv": [10, 12, 13, 13], "texture": "#top"}, "east": {"uv": [6, 11, 7, 12], "texture": "#top"}, "west": {"uv": [6, 11, 7, 12], "texture": "#top", "cullface": "west"}, "up": {"uv": [11, 11, 14, 12], "texture": "#top"}}}, {"from": [0, 8, 3], "to": [3, 13, 4], "faces": {"east": {"uv": [3, 3, 4, 8], "texture": "#top"}, "south": {"uv": [13, 0, 16, 5], "texture": "#top"}, "west": {"uv": [3, 3, 4, 8], "texture": "#top", "cullface": "west"}}}, {"from": [0, 8, 12], "to": [3, 13, 13], "faces": {"north": {"uv": [13, 0, 16, 5], "texture": "#top"}, "east": {"uv": [3, 3, 4, 8], "texture": "#top"}, "west": {"uv": [12, 3, 13, 8], "texture": "#top", "cullface": "west"}}}, {"from": [0, 11, 4], "to": [3, 13, 5], "faces": {"east": {"uv": [11, 3, 12, 5], "texture": "#top"}, "south": {"uv": [1, 11, 4, 13], "texture": "#top"}, "west": {"uv": [4, 3, 5, 5], "texture": "#top", "cullface": "west"}, "down": {"uv": [9, 0, 12, 1], "texture": "#top"}}}, {"from": [0, 11, 11], "to": [3, 13, 12], "faces": {"north": {"uv": [0, 11, 3, 13], "texture": "#top"}, "east": {"uv": [4, 3, 5, 5], "texture": "#top"}, "west": {"uv": [11, 3, 12, 5], "texture": "#top", "cullface": "west"}, "down": {"uv": [0, 0, 3, 1], "texture": "#top"}}}, {"from": [0, 12, 10], "to": [3, 13, 11], "faces": {"east": {"uv": [5, 3, 6, 4], "texture": "#top"}, "west": {"uv": [10, 3, 11, 4], "texture": "#top", "cullface": "west"}, "down": {"uv": [11, 0, 14, 1], "texture": "#top"}}}, {"from": [0, 12, 5], "to": [3, 13, 6], "faces": {"east": {"uv": [10, 3, 11, 4], "texture": "#top"}, "west": {"uv": [5, 3, 6, 4], "texture": "#top", "cullface": "west"}, "down": {"uv": [11, 1, 14, 2], "texture": "#top"}}}, {"from": [0, 8, 6], "to": [3, 13, 7], "faces": {"north": {"uv": [13, 0, 16, 5], "texture": "#top"}, "east": {"uv": [9, 3, 10, 8], "texture": "#top"}, "south": {"uv": [13, 0, 16, 5], "texture": "#top"}, "west": {"uv": [6, 3, 7, 8], "texture": "#top", "cullface": "west"}}}, {"from": [0, 8, 9], "to": [3, 13, 10], "faces": {"north": {"uv": [13, 0, 16, 5], "texture": "#top"}, "east": {"uv": [6, 3, 7, 8], "texture": "#top"}, "south": {"uv": [13, 0, 16, 5], "texture": "#top"}, "west": {"uv": [9, 3, 10, 8], "texture": "#top", "cullface": "west"}}}, {"from": [-0.25, 0, 11], "to": [0, 1, 12], "rotation": {"angle": 0, "axis": "y", "origin": [8.75, 8, 8]}, "faces": {"north": {"uv": [11, 15, 12, 16], "texture": "#top", "cullface": "west"}, "south": {"uv": [11, 15, 12, 16], "texture": "#top", "cullface": "west"}, "west": {"uv": [11, 15, 12, 16], "texture": "#top", "cullface": "west"}, "down": {"uv": [11, 15, 12, 16], "texture": "#top", "cullface": "west"}}}, {"from": [3, 0, 11], "to": [3.25, 1, 12], "rotation": {"angle": 0, "axis": "y", "origin": [-5.75, 8, 8]}, "faces": {"north": {"uv": [12, 15, 11, 16], "texture": "#top"}, "east": {"uv": [12, 15, 11, 16], "texture": "#top"}, "south": {"uv": [12, 15, 11, 16], "texture": "#top"}, "down": {"uv": [12, 15, 11, 16], "texture": "#top", "cullface": "down"}}}, {"from": [-0.25, 1, 11], "to": [0, 2, 14], "rotation": {"angle": 0, "axis": "y", "origin": [8.75, 8, 8]}, "faces": {"north": {"uv": [11, 14, 12, 15], "texture": "#top", "cullface": "west"}, "south": {"uv": [13, 14, 14, 15], "texture": "#top", "cullface": "west"}, "west": {"uv": [11, 14, 14, 15], "texture": "#top", "cullface": "west"}, "up": {"uv": [11, 14, 14, 15], "rotation": 90, "texture": "#top", "cullface": "west"}, "down": {"uv": [11, 14, 14, 15], "rotation": 270, "texture": "#top", "cullface": "west"}}}, {"from": [3, 1, 11], "to": [3.25, 2, 14], "rotation": {"angle": 0, "axis": "y", "origin": [-5.75, 8, 8]}, "faces": {"north": {"uv": [12, 14, 11, 15], "texture": "#top"}, "east": {"uv": [14, 14, 11, 15], "texture": "#top"}, "south": {"uv": [14, 14, 13, 15], "texture": "#top"}, "up": {"uv": [11, 15, 14, 14], "rotation": 90, "texture": "#top"}, "down": {"uv": [11, 15, 14, 14], "rotation": 270, "texture": "#top"}}}, {"from": [-0.25, 0, 0], "to": [0, 1, 1], "faces": {"north": {"uv": [0, 15, 1, 16], "texture": "#top", "cullface": "west"}, "south": {"uv": [0, 15, 1, 16], "texture": "#top", "cullface": "west"}, "west": {"uv": [0, 15, 1, 16], "texture": "#top", "cullface": "west"}, "up": {"uv": [0, 15, 1, 16], "texture": "#top", "cullface": "west"}, "down": {"uv": [0, 15, 1, 16], "texture": "#top", "cullface": "west"}}}, {"from": [-0.25, 10, 0], "to": [0, 12, 1], "rotation": {"angle": 0, "axis": "y", "origin": [8, 18, 8]}, "faces": {"north": {"uv": [0, 4, 1, 6], "texture": "#top", "cullface": "west"}, "south": {"uv": [0, 4, 1, 6], "texture": "#top", "cullface": "west"}, "west": {"uv": [0, 4, 1, 6], "texture": "#top", "cullface": "west"}, "up": {"uv": [0, 4, 1, 5], "texture": "#top", "cullface": "west"}, "down": {"uv": [0, 5, 1, 6], "texture": "#top", "cullface": "west"}}}, {"from": [0.02, 0, -0.25], "to": [1.02, 1, 0], "faces": {"north": {"uv": [1, 15, 0, 16], "texture": "#top", "cullface": "north"}, "east": {"uv": [1, 15, 0, 16], "texture": "#top", "cullface": "north"}, "west": {"uv": [1, 15, 0, 16], "texture": "#top", "cullface": "north"}, "up": {"uv": [0, 16, 1, 15], "rotation": 90, "texture": "#top", "cullface": "north"}, "down": {"uv": [0, 16, 1, 15], "rotation": 270, "texture": "#top"}}}, {"from": [0.02, 10, -0.25], "to": [1.02, 12, 0], "rotation": {"angle": 0, "axis": "y", "origin": [8, 18, 8]}, "faces": {"north": {"uv": [1, 4, 0, 6], "texture": "#top", "cullface": "north"}, "east": {"uv": [1, 4, 0, 6], "texture": "#top", "cullface": "north"}, "west": {"uv": [1, 4, 0, 6], "texture": "#top", "cullface": "north"}, "up": {"uv": [0, 5, 1, 4], "rotation": 90, "texture": "#top", "cullface": "north"}, "down": {"uv": [0, 6, 1, 5], "rotation": 270, "texture": "#top"}}}, {"from": [0.02, 0, 16], "to": [1.02, 1, 16.25], "faces": {"east": {"uv": [0, 15, 1, 16], "texture": "#top", "cullface": "south"}, "south": {"uv": [0, 15, 1, 16], "texture": "#top", "cullface": "south"}, "west": {"uv": [0, 15, 1, 16], "texture": "#top", "cullface": "south"}, "up": {"uv": [1, 16, 0, 15], "rotation": 90, "texture": "#top", "cullface": "south"}, "down": {"uv": [1, 16, 0, 15], "rotation": 270, "texture": "#top", "cullface": "south"}}}, {"from": [0.02, 10, 16], "to": [1.02, 12, 16.25], "rotation": {"angle": 0, "axis": "y", "origin": [8, 18, 8]}, "faces": {"east": {"uv": [0, 4, 1, 6], "texture": "#top", "cullface": "south"}, "south": {"uv": [0, 4, 1, 6], "texture": "#top", "cullface": "south"}, "west": {"uv": [0, 4, 1, 6], "texture": "#top", "cullface": "south"}, "up": {"uv": [1, 5, 0, 4], "rotation": 90, "texture": "#top", "cullface": "south"}, "down": {"uv": [1, 6, 0, 5], "rotation": 270, "texture": "#top", "cullface": "south"}}}, {"from": [3, 0, 0], "to": [3.25, 1, 1], "rotation": {"angle": 0, "axis": "y", "origin": [-5, 8, 8]}, "faces": {"north": {"uv": [1, 15, 0, 16], "texture": "#top", "cullface": "east"}, "east": {"uv": [1, 15, 0, 16], "texture": "#top", "cullface": "east"}, "south": {"uv": [1, 15, 0, 16], "texture": "#top", "cullface": "east"}, "up": {"uv": [1, 15, 0, 16], "texture": "#top", "cullface": "east"}, "down": {"uv": [1, 15, 0, 16], "texture": "#top", "cullface": "east"}}}, {"from": [3, 10, 0], "to": [3.25, 12, 1], "rotation": {"angle": 0, "axis": "y", "origin": [-5, 18, 8]}, "faces": {"north": {"uv": [1, 4, 0, 6], "texture": "#top", "cullface": "east"}, "east": {"uv": [1, 4, 0, 6], "texture": "#top", "cullface": "east"}, "south": {"uv": [1, 4, 0, 6], "texture": "#top", "cullface": "east"}, "up": {"uv": [1, 4, 0, 5], "texture": "#top", "cullface": "east"}, "down": {"uv": [1, 5, 0, 6], "texture": "#top", "cullface": "east"}}}], "display": {"thirdperson_righthand": {"rotation": [75, 315, 0], "translation": [0, 2.5, 0], "scale": [0.375, 0.375, 0.375]}, "firstperson_righthand": {"rotation": [0, 315, 0], "translation": [0, 2.5, 0], "scale": [0.4, 0.4, 0.4]}, "ground": {"translation": [0, 3, 0], "scale": [0.25, 0.25, 0.25]}, "gui": {"rotation": [30, 45, 0], "scale": [0.625, 0.625, 0.625]}, "head": {"rotation": [0, 180, 0]}, "fixed": {"rotation": [0, 180, 0]}}, "groups": [0, 1, 2, 3, 4, 5, 6, 7, 8, 9, 10, 11, 12, 13, 14, 15, 16, {"name": "oak_door_top", "origin": [8, 8, 8], "color": 0, "children": [17, 18, 19, 20]}, {"name": "door_hinges_top", "origin": [8, 8, 8], "color": 0, "children": [{"name": "west", "origin": [8, 8, 8], "color": 0, "children": [21, 22]}, {"name": "north", "origin": [8, 8, 8], "color": 0, "children": [23, 24]}, {"name": "south", "origin": [8, 8, 8], "color": 0, "children": [25, 26]}, {"name": "east", "origin": [8, 8, 8], "color": 0, "children": [27, 28]}]}]}