{
	"__comment":"Designed by GeForceLegend",
	"ambientocclusion":false,
	"textures":{
		"texture":"block/mangrove_trapdoor1",
		"particle":"block/mangrove_trapdoor"
	},
	"elements":[
		{
			"from":[3,0,13],
			"to":[13,3,16],
			"rotation":{"angle":0,"axis":"x","origin":[0,1.5,14.5]},
			"faces":{
				"north":{"uv":[3,0,13,3],"rotation":180,"texture":"#particle"},
				"south":{"uv":[3,3,13,0],"texture":"#particle","cullface":"south"},
				"up":{"uv":[13,2,3,3],"rotation":180,"texture":"#particle"},
				"down":{"uv":[3,0,13,3],"texture":"#texture","cullface":"down"}
			}
		},
		{
			"from":[13,0,13],
			"to":[16,16,16],
			"rotation":{"angle":0,"axis":"x","origin":[0,1.5,14.5]},
			"faces":{
				"north":{"uv":[13,0,16,16],"rotation":180,"texture":"#particle"},
				"east":{"uv":[0,10,16,13],"rotation":270,"texture":"#texture","cullface":"east"},
				"south":{"uv":[13,16,16,0],"texture":"#particle","cullface":"south"},
				"west":{"uv":[13,0,14,16],"rotation":180,"texture":"#particle"},
				"up":{"uv":[16,13,13,16],"rotation":180,"texture":"#texture","cullface":"up"},
				"down":{"uv":[13,0,16,3],"texture":"#texture","cullface":"down"}
			}
		},
		{
			"from":[3,13,13],
			"to":[13,16,16],
			"rotation":{"angle":0,"axis":"x","origin":[0,1.5,14.5]},
			"faces":{
				"north":{"uv":[3,13,13,16],"rotation":180,"texture":"#particle"},
				"south":{"uv":[3,16,13,13],"texture":"#particle","cullface":"south"},
				"up":{"uv":[13,13,3,16],"rotation":180,"texture":"#texture","cullface":"up"},
				"down":{"uv":[3,13,13,14],"texture":"#particle"}
			}
		},
		{
			"from":[0,0,13],
			"to":[3,16,16],
			"rotation":{"angle":0,"axis":"x","origin":[0,1.5,14.5]},
			"faces":{
				"north":{"uv":[0,0,3,16],"rotation":180,"texture":"#particle"},
				"east":{"uv":[2,16,3,0],"texture":"#particle"},
				"south":{"uv":[0,16,3,0],"texture":"#particle","cullface":"south"},
				"west":{"uv":[0,3,16,6],"rotation":90,"texture":"#texture","cullface":"west"},
				"up":{"uv":[3,13,0,16],"rotation":180,"texture":"#texture","cullface":"up"},
				"down":{"uv":[0,0,3,3],"texture":"#texture","cullface":"down"}
			}
		},
		{
			"from":[3,12,13],
			"to":[4,13,16],
			"rotation":{"angle":0,"axis":"x","origin":[0,1.5,14.5]},
			"faces":{
				"north":{"uv":[3,3,4,4],"rotation":180,"texture":"#particle"},
				"east":{"uv":[3,3,4,4],"rotation":270,"texture":"#particle"},
				"south":{"uv":[3,3,4,4],"texture":"#particle","cullface":"south"},
				"down":{"uv":[3,3,4,4],"texture":"#particle"}
			}
		},
		{
			"from":[12,12,13],
			"to":[13,13,16],
			"rotation":{"angle":0,"axis":"x","origin":[0,1.5,14.5]},
			"faces":{
				"north":{"uv":[12,3,13,4],"rotation":180,"texture":"#particle"},
				"south":{"uv":[12,3,13,4],"texture":"#particle","cullface":"south"},
				"west":{"uv":[12,3,13,4],"rotation":90,"texture":"#particle"},
				"down":{"uv":[12,3,13,4],"texture":"#particle"}
			}
		},
		{
			"from":[12,3,13],
			"to":[13,4,16],
			"rotation":{"angle":0,"axis":"x","origin":[0,1.5,14.5]},
			"faces":{
				"north":{"uv":[12,12,13,13],"rotation":180,"texture":"#particle"},
				"south":{"uv":[12,12,13,13],"texture":"#particle","cullface":"south"},
				"west":{"uv":[12,12,13,13],"rotation":90,"texture":"#particle"},
				"up":{"uv":[12,12,13,13],"rotation":180,"texture":"#particle"}
			}
		},
		{
			"from":[3,3,13],
			"to":[4,4,16],
			"rotation":{"angle":0,"axis":"x","origin":[0,1.5,14.5]},
			"faces":{
				"north":{"uv":[3,12,4,13],"rotation":180,"texture":"#particle"},
				"east":{"uv":[3,12,4,13],"rotation":270,"texture":"#particle"},
				"south":{"uv":[3,12,4,13],"texture":"#particle","cullface":"south"},
				"up":{"uv":[3,12,4,13],"rotation":180,"texture":"#particle"}
			}
		},
		{
			"from":[3,11,14],
			"to":[13,13,15],
			"rotation":{"angle":0,"axis":"x","origin":[0,1.5,14.5]},
			"faces":{
				"north":{"uv":[3,11,13,13],"rotation":180,"texture":"#particle"},
				"south":{"uv":[3,13,13,11],"texture":"#particle"},
				"down":{"uv":[3,11,13,12],"texture":"#particle"}
			}
		},
		{
			"from":[3,3,14],
			"to":[13,5,15],
			"rotation":{"angle":0,"axis":"x","origin":[0,1.5,14.5]},
			"faces":{
				"north":{"uv":[3,3,13,5],"rotation":180,"texture":"#particle"},
				"south":{"uv":[3,11,13,13],"texture":"#particle"},
				"up":{"uv":[13,4,3,5],"rotation":180,"texture":"#particle"}
			}
		},
		{
			"from":[3,5,14],
			"to":[5,11,15],
			"rotation":{"angle":0,"axis":"x","origin":[0,1.5,14.5]},
			"faces":{
				"north":{"uv":[3,5,5,11],"rotation":180,"texture":"#particle"},
				"east":{"uv":[4,11,5,5],"texture":"#particle"},
				"south":{"uv":[3,11,5,5],"texture":"#particle"}
			}
		},
		{
			"from":[11,5,14],
			"to":[13,11,15],
			"rotation":{"angle":0,"axis":"x","origin":[0,1.5,14.5]},
			"faces":{
				"north":{"uv":[11,5,13,11],"rotation":180,"texture":"#particle"},
				"south":{"uv":[11,11,13,5],"texture":"#particle"},
				"west":{"uv":[11,5,12,11],"rotation":180,"texture":"#particle"}
			}
		},
		{
			"from":[5,5,14],
			"to":[6,6,15],
			"rotation":{"angle":0,"axis":"x","origin":[0,1.5,14.5]},
			"faces":{
				"north":{"uv":[5,5,6,6],"rotation":180,"texture":"#particle"},
				"east":{"uv":[5,5,6,6],"rotation":270,"texture":"#particle"},
				"south":{"uv":[5,5,6,6],"texture":"#particle"},
				"up":{"uv":[5,5,6,6],"rotation":180,"texture":"#particle"}
			}
		},
		{
			"from":[10,5,14],
			"to":[11,6,15],
			"rotation":{"angle":0,"axis":"x","origin":[0,1.5,14.5]},
			"faces":{
				"north":{"uv":[10,5,11,6],"rotation":180,"texture":"#particle"},
				"south":{"uv":[10,5,11,6],"texture":"#particle"},
				"west":{"uv":[10,5,11,6],"rotation":90,"texture":"#particle"},
				"up":{"uv":[10,5,11,6],"rotation":180,"texture":"#particle"}
			}
		},
		{
			"from":[10,10,14],
			"to":[11,11,15],
			"rotation":{"angle":0,"axis":"x","origin":[0,1.5,14.5]},
			"faces":{
				"north":{"uv":[10,10,11,11],"rotation":180,"texture":"#particle"},
				"south":{"uv":[10,10,11,11],"texture":"#particle"},
				"west":{"uv":[10,10,11,11],"rotation":90,"texture":"#particle"},
				"down":{"uv":[10,10,11,11],"texture":"#particle"}
			}
		},
		{
			"from":[5,10,14],
			"to":[6,11,15],
			"rotation":{"angle":0,"axis":"x","origin":[0,1.5,14.5]},
			"faces":{
				"north":{"uv":[5,10,6,11],"rotation":180,"texture":"#particle"},
				"east":{"uv":[5,10,6,11],"rotation":270,"texture":"#particle"},
				"south":{"uv":[5,10,6,11],"texture":"#particle"},
				"down":{"uv":[5,10,6,11],"texture":"#particle"}
			}
		}
	]
}