{"parent": "minecraft:block/door_inv", "textures": {"top": "block/mangrove_door_top", "bottom": "block/mangrove_door_bottom"}, "elements": [{"from": [-0.25, 26, 0], "to": [0, 28, 1], "rotation": {"angle": 0, "axis": "y", "origin": [8, 18, 8]}, "faces": {"north": {"uv": [0, 4, 1, 6], "texture": "#top", "cullface": "west"}, "south": {"uv": [0, 4, 1, 6], "texture": "#top", "cullface": "west"}, "west": {"uv": [0, 4, 1, 6], "texture": "#top", "cullface": "west"}, "up": {"uv": [0, 4, 1, 5], "texture": "#top", "cullface": "west"}, "down": {"uv": [0, 5, 1, 6], "texture": "#top", "cullface": "west"}}}, {"from": [-0.25, 17, 11], "to": [0, 18, 14], "rotation": {"angle": 0, "axis": "y", "origin": [8.75, 8, 8]}, "faces": {"north": {"uv": [11, 14, 12, 15], "texture": "#top", "cullface": "west"}, "south": {"uv": [13, 14, 14, 15], "texture": "#top", "cullface": "west"}, "west": {"uv": [11, 14, 14, 15], "texture": "#top", "cullface": "west"}, "up": {"uv": [11, 14, 14, 15], "rotation": 90, "texture": "#top", "cullface": "west"}, "down": {"uv": [11, 14, 14, 15], "rotation": 270, "texture": "#top", "cullface": "west"}}}, {"from": [-0.25, 16, 11], "to": [0, 17, 12], "rotation": {"angle": 0, "axis": "y", "origin": [8.75, 8, 8]}, "faces": {"north": {"uv": [11, 15, 12, 16], "texture": "#top", "cullface": "west"}, "south": {"uv": [11, 15, 12, 16], "texture": "#top", "cullface": "west"}, "west": {"uv": [11, 15, 12, 16], "texture": "#top", "cullface": "west"}, "down": {"uv": [11, 15, 12, 16], "texture": "#top", "cullface": "west"}}}, {"from": [0, 26, -0.25], "to": [1, 28, 0], "rotation": {"angle": 0, "axis": "y", "origin": [8, 18, 8]}, "faces": {"north": {"uv": [1, 4, 0, 6], "texture": "#top", "cullface": "north"}, "east": {"uv": [1, 4, 0, 6], "texture": "#top", "cullface": "north"}, "west": {"uv": [1, 4, 0, 6], "texture": "#top", "cullface": "north"}, "up": {"uv": [0, 5, 1, 4], "rotation": 90, "texture": "#top", "cullface": "north"}, "down": {"uv": [0, 6, 1, 5], "rotation": 270, "texture": "#top"}}}, {"from": [0, 26, 16], "to": [1, 28, 16.25], "rotation": {"angle": 0, "axis": "y", "origin": [8, 18, 8]}, "faces": {"east": {"uv": [0, 4, 1, 6], "texture": "#top", "cullface": "south"}, "south": {"uv": [0, 4, 1, 6], "texture": "#top", "cullface": "south"}, "west": {"uv": [0, 4, 1, 6], "texture": "#top", "cullface": "south"}, "up": {"uv": [1, 5, 0, 4], "rotation": 90, "texture": "#top", "cullface": "south"}, "down": {"uv": [1, 6, 0, 5], "rotation": 270, "texture": "#top", "cullface": "south"}}}, {"from": [3, 26, 0], "to": [3.25, 28, 1], "rotation": {"angle": 0, "axis": "y", "origin": [-5, 18, 8]}, "faces": {"north": {"uv": [1, 4, 0, 6], "texture": "#top"}, "east": {"uv": [1, 4, 0, 6], "texture": "#top"}, "south": {"uv": [1, 4, 0, 6], "texture": "#top"}, "up": {"uv": [1, 4, 0, 5], "texture": "#top"}, "down": {"uv": [1, 5, 0, 6], "texture": "#top"}}}, {"from": [3, 16, 11], "to": [3.25, 17, 12], "rotation": {"angle": 0, "axis": "y", "origin": [-5.75, 8, 8]}, "faces": {"north": {"uv": [12, 15, 11, 16], "texture": "#top"}, "east": {"uv": [12, 15, 11, 16], "texture": "#top"}, "south": {"uv": [12, 15, 11, 16], "texture": "#top"}, "down": {"uv": [12, 15, 11, 16], "texture": "#top"}}}, {"from": [3, 17, 11], "to": [3.25, 18, 14], "rotation": {"angle": 0, "axis": "y", "origin": [-5.75, 8, 8]}, "faces": {"north": {"uv": [12, 14, 11, 15], "texture": "#top"}, "east": {"uv": [14, 14, 11, 15], "texture": "#top"}, "south": {"uv": [14, 14, 13, 15], "texture": "#top"}, "up": {"uv": [11, 15, 14, 14], "rotation": 90, "texture": "#top"}, "down": {"uv": [11, 15, 14, 14], "rotation": 270, "texture": "#top"}}}, {"from": [0, 16, 0], "to": [3, 32, 16], "faces": {"north": {"uv": [3, 0, 0, 16], "texture": "#top", "cullface": "north"}, "east": {"uv": [16, 0, 0, 16], "texture": "#top"}, "south": {"uv": [0, 0, 3, 16], "texture": "#top", "cullface": "south"}, "west": {"uv": [0, 0, 16, 16], "texture": "#top", "cullface": "west"}, "up": {"uv": [0, 0, 16, 3], "rotation": 90, "texture": "#top", "cullface": "up"}}}, {"from": [0, 0, 0], "to": [3, 16, 16], "rotation": {"angle": 0, "axis": "y", "origin": [8, 8, 8]}, "faces": {"north": {"uv": [3, 0, 0, 16], "texture": "#bottom", "cullface": "north"}, "east": {"uv": [16, 0, 0, 16], "texture": "#bottom"}, "south": {"uv": [0, 0, 3, 16], "texture": "#bottom", "cullface": "south"}, "west": {"uv": [0, 0, 16, 16], "texture": "#bottom", "cullface": "west"}, "down": {"uv": [0, 13, 16, 16], "rotation": 90, "texture": "#bottom", "cullface": "down"}}}, {"from": [0, 4, 16], "to": [1, 6, 16.25], "rotation": {"angle": 0, "axis": "y", "origin": [8, 8, 8]}, "faces": {"east": {"uv": [0, 10, 1, 12], "texture": "#bottom", "cullface": "south"}, "south": {"uv": [0, 10, 1, 12], "texture": "#bottom", "cullface": "south"}, "west": {"uv": [0, 10, 1, 12], "texture": "#bottom", "cullface": "south"}, "up": {"uv": [0, 10, 1, 11], "texture": "#bottom", "cullface": "south"}, "down": {"uv": [0, 11, 1, 12], "texture": "#bottom", "cullface": "south"}}}, {"from": [0, 15, 16], "to": [1, 17, 16.25], "rotation": {"angle": 0, "axis": "y", "origin": [8, 8, 8]}, "faces": {"east": {"uv": [0, 9, 1, 11], "texture": "#bottom", "cullface": "south"}, "south": {"uv": [0, 9, 1, 11], "texture": "#bottom", "cullface": "south"}, "west": {"uv": [0, 9, 1, 11], "texture": "#bottom", "cullface": "south"}, "up": {"uv": [0, 9, 1, 10], "texture": "#bottom", "cullface": "south"}, "down": {"uv": [0, 10, 1, 11], "texture": "#bottom", "cullface": "south"}}}, {"from": [-0.25, 4, 0], "to": [0, 6, 1], "rotation": {"angle": 0, "axis": "y", "origin": [8, 8, 8]}, "faces": {"north": {"uv": [0, 10, 1, 12], "texture": "#bottom", "cullface": "west"}, "south": {"uv": [0, 10, 1, 12], "texture": "#bottom", "cullface": "west"}, "west": {"uv": [0, 10, 1, 12], "texture": "#bottom", "cullface": "west"}, "up": {"uv": [0, 10, 1, 11], "rotation": 90, "texture": "#bottom", "cullface": "west"}, "down": {"uv": [0, 11, 1, 12], "rotation": 270, "texture": "#bottom", "cullface": "west"}}}, {"from": [-0.25, 15, 0], "to": [0, 17, 1], "rotation": {"angle": 0, "axis": "y", "origin": [8, 8, 8]}, "faces": {"north": {"uv": [0, 9, 1, 11], "texture": "#bottom", "cullface": "west"}, "south": {"uv": [0, 9, 1, 11], "texture": "#bottom", "cullface": "west"}, "west": {"uv": [0, 9, 1, 11], "texture": "#bottom", "cullface": "west"}, "up": {"uv": [0, 9, 1, 10], "rotation": 90, "texture": "#bottom", "cullface": "west"}, "down": {"uv": [0, 10, 1, 11], "rotation": 270, "texture": "#bottom", "cullface": "west"}}}, {"from": [3, 4, 0], "to": [3.25, 6, 1], "rotation": {"angle": 0, "axis": "y", "origin": [8, 8, 8]}, "faces": {"north": {"uv": [1, 10, 0, 12], "texture": "#bottom"}, "east": {"uv": [1, 10, 0, 12], "texture": "#bottom"}, "south": {"uv": [1, 10, 0, 12], "texture": "#bottom"}, "up": {"uv": [0, 11, 1, 10], "rotation": 90, "texture": "#bottom"}, "down": {"uv": [0, 12, 1, 11], "rotation": 270, "texture": "#bottom"}}}, {"from": [3, 15, 0], "to": [3.25, 17, 1], "rotation": {"angle": 0, "axis": "y", "origin": [8, 8, 8]}, "faces": {"north": {"uv": [1, 9, 0, 11], "texture": "#bottom"}, "east": {"uv": [1, 9, 0, 11], "texture": "#bottom"}, "south": {"uv": [1, 9, 0, 11], "texture": "#bottom"}, "up": {"uv": [0, 10, 1, 9], "rotation": 90, "texture": "#bottom"}, "down": {"uv": [0, 11, 1, 10], "rotation": 270, "texture": "#bottom"}}}, {"from": [0, 4, -0.25], "to": [1, 6, 0], "rotation": {"angle": 0, "axis": "y", "origin": [8, 8, 8]}, "faces": {"north": {"uv": [1, 10, 0, 12], "texture": "#bottom", "cullface": "north"}, "east": {"uv": [1, 10, 0, 12], "texture": "#bottom", "cullface": "north"}, "west": {"uv": [1, 10, 0, 12], "texture": "#bottom", "cullface": "north"}, "up": {"uv": [0, 11, 1, 10], "texture": "#bottom", "cullface": "north"}, "down": {"uv": [0, 12, 1, 11], "texture": "#bottom", "cullface": "north"}}}, {"from": [0, 15, -0.25], "to": [1, 17, 0], "rotation": {"angle": 0, "axis": "y", "origin": [8, 8, 8]}, "faces": {"north": {"uv": [1, 9, 0, 11], "texture": "#bottom", "cullface": "north"}, "east": {"uv": [1, 9, 0, 11], "texture": "#bottom", "cullface": "north"}, "west": {"uv": [1, 9, 0, 11], "texture": "#bottom", "cullface": "north"}, "up": {"uv": [0, 10, 1, 9], "texture": "#bottom", "cullface": "north"}, "down": {"uv": [0, 11, 1, 10], "texture": "#bottom", "cullface": "north"}}}], "groups": [{"name": "west", "origin": [8, 8, 8], "color": 0, "children": [0, {"name": "west handle", "origin": [8.75, 8, 8], "color": 0, "children": [1, 2]}]}, {"name": "north", "origin": [8, 8, 8], "color": 0, "children": [3]}, {"name": "south", "origin": [8, 8, 8], "color": 0, "children": [4]}, {"name": "east", "origin": [8, 8, 8], "color": 0, "children": [5, {"name": "east handle", "origin": [-5.75, 8, 8], "color": 0, "children": [6, 7]}]}, 8, 9, {"name": "south", "origin": [0, 0, 0], "color": 0, "children": [10, 11]}, {"name": "west", "origin": [0, 0, 0], "color": 0, "children": [12, 13]}, {"name": "east", "origin": [0, 0, 0], "color": 0, "children": [14, 15]}, {"name": "north", "origin": [0, 0, 0], "color": 0, "children": [16, 17]}]}