{"ambientocclusion": false, "textures": {"1": "block/redstone_dust_line1"}, "elements": [{"from": [8, 0, 8], "to": [9, 0.5, 9], "faces": {"north": {"uv": [8, 8, 7, 9], "texture": "#1", "tintindex": 0}, "east": {"uv": [8, 8, 7, 9], "texture": "#1", "tintindex": 0}, "west": {"uv": [8, 8, 7, 9], "texture": "#1", "tintindex": 0}, "up": {"uv": [8, 8, 7, 9], "texture": "#1", "tintindex": 0}, "down": {"uv": [8, 8, 7, 9], "texture": "#1", "cullface": "down", "tintindex": 0}}}, {"from": [8, 0, 9], "to": [9, 0.5, 10], "faces": {"east": {"uv": [8, 9, 7, 10], "texture": "#1", "tintindex": 0}, "west": {"uv": [8, 9, 7, 10], "texture": "#1", "tintindex": 0}, "up": {"uv": [8, 9, 7, 10], "texture": "#1", "tintindex": 0}, "down": {"uv": [8, 9, 7, 10], "texture": "#1", "cullface": "down", "tintindex": 0}}}, {"from": [8, 0, 10], "to": [9, 0.5, 11], "faces": {"east": {"uv": [8, 10, 7, 11], "texture": "#1", "tintindex": 0}, "south": {"uv": [8, 10, 7, 11], "texture": "#1", "tintindex": 0}, "up": {"uv": [8, 10, 7, 11], "texture": "#1", "tintindex": 0}, "down": {"uv": [8, 10, 7, 11], "texture": "#1", "cullface": "down", "tintindex": 0}}}, {"from": [9, 0, 11], "to": [10, 0.5, 12], "faces": {"north": {"uv": [10, 11, 9, 12], "texture": "#1", "tintindex": 0}, "east": {"uv": [10, 11, 9, 12], "texture": "#1", "tintindex": 0}, "south": {"uv": [10, 11, 9, 12], "texture": "#1", "tintindex": 0}, "west": {"uv": [10, 11, 9, 12], "texture": "#1", "tintindex": 0}, "up": {"uv": [10, 11, 9, 12], "texture": "#1", "tintindex": 0}, "down": {"uv": [10, 11, 9, 12], "texture": "#1", "cullface": "down", "tintindex": 0}}}, {"from": [7, 0, 12], "to": [8, 0.5, 13], "faces": {"north": {"uv": [8, 12, 7, 13], "texture": "#1", "tintindex": 0}, "south": {"uv": [8, 12, 7, 13], "texture": "#1", "tintindex": 0}, "west": {"uv": [8, 12, 7, 13], "texture": "#1", "tintindex": 0}, "up": {"uv": [8, 12, 7, 13], "texture": "#1", "tintindex": 0}, "down": {"uv": [8, 12, 7, 13], "texture": "#1", "cullface": "down", "tintindex": 0}}}, {"from": [8, 0, 12], "to": [9, 0.5, 13], "faces": {"north": {"uv": [9, 12, 8, 13], "texture": "#1", "tintindex": 0}, "east": {"uv": [9, 12, 8, 13], "texture": "#1", "tintindex": 0}, "up": {"uv": [9, 12, 8, 13], "texture": "#1", "tintindex": 0}, "down": {"uv": [9, 12, 8, 13], "texture": "#1", "cullface": "down", "tintindex": 0}}}, {"from": [8, 0, 13], "to": [9, 0.5, 14], "rotation": {"angle": 0, "axis": "y", "origin": [9, 8, 8]}, "faces": {"east": {"uv": [9, 13, 8, 14], "texture": "#1", "tintindex": 0}, "west": {"uv": [9, 13, 8, 14], "texture": "#1", "tintindex": 0}, "up": {"uv": [9, 13, 8, 14], "texture": "#1", "tintindex": 0}, "down": {"uv": [9, 13, 8, 14], "texture": "#1", "cullface": "down", "tintindex": 0}}}, {"from": [8, 0, 14], "to": [9, 0.5, 15], "rotation": {"angle": 0, "axis": "y", "origin": [9, 8, 8]}, "faces": {"east": {"uv": [9, 14, 8, 15], "texture": "#1", "tintindex": 0}, "south": {"uv": [9, 14, 8, 15], "texture": "#1", "tintindex": 0}, "west": {"uv": [9, 14, 8, 15], "texture": "#1", "tintindex": 0}, "up": {"uv": [9, 14, 8, 15], "texture": "#1", "tintindex": 0}, "down": {"uv": [9, 14, 8, 15], "texture": "#1", "cullface": "down", "tintindex": 0}}}, {"from": [7, 0, 15], "to": [8, 0.5, 16], "faces": {"north": {"uv": [8, 15, 7, 16], "texture": "#1", "tintindex": 0}, "east": {"uv": [8, 15, 7, 16], "texture": "#1", "tintindex": 0}, "south": {"uv": [8, 15, 7, 16], "texture": "#1", "cullface": "south", "tintindex": 0}, "west": {"uv": [8, 15, 7, 16], "texture": "#1", "tintindex": 0}, "up": {"uv": [8, 15, 7, 16], "texture": "#1", "tintindex": 0}, "down": {"uv": [8, 15, 7, 16], "texture": "#1", "cullface": "down", "tintindex": 0}}}, {"from": [7, 0, 10], "to": [8, 0.5, 11], "faces": {"north": {"uv": [7, 10, 6, 11], "texture": "#1", "tintindex": 0}, "south": {"uv": [7, 10, 6, 11], "texture": "#1", "tintindex": 0}, "west": {"uv": [7, 10, 6, 11], "texture": "#1", "tintindex": 0}, "up": {"uv": [7, 10, 6, 11], "texture": "#1", "tintindex": 0}, "down": {"uv": [7, 10, 6, 11], "texture": "#1", "cullface": "down", "tintindex": 0}}}]}