{"ambientocclusion": false, "textures": {"2": "block/redstone_dust_line0", "particle": "block/redstone_dust_line0"}, "elements": [{"from": [8, 0, 0], "to": [9, 0.5, 1], "faces": {"north": {"uv": [8, 0, 9, 1], "texture": "#2", "cullface": "north", "tintindex": 0}, "east": {"uv": [8, 0, 9, 1], "texture": "#2", "tintindex": 0}, "south": {"uv": [8, 0, 9, 1], "texture": "#2", "tintindex": 0}, "west": {"uv": [8, 0, 9, 1], "texture": "#2", "tintindex": 0}, "up": {"uv": [8, 0, 9, 1], "texture": "#2", "tintindex": 0}, "down": {"uv": [8, 0, 9, 1], "texture": "#2", "cullface": "down", "tintindex": 0}}}, {"from": [8, 0, 2], "to": [9, 0.5, 3], "faces": {"north": {"uv": [8, 2, 9, 3], "texture": "#2", "tintindex": 0}, "east": {"uv": [8, 2, 9, 3], "texture": "#2", "tintindex": 0}, "west": {"uv": [8, 2, 9, 3], "texture": "#2", "tintindex": 0}, "up": {"uv": [8, 2, 9, 3], "texture": "#2", "tintindex": 0}, "down": {"uv": [8, 2, 9, 3], "texture": "#2", "cullface": "down", "tintindex": 0}}}, {"from": [8, 0, 3], "to": [9, 0.5, 4], "faces": {"east": {"uv": [8, 3, 9, 4], "texture": "#2", "tintindex": 0}, "south": {"uv": [8, 3, 9, 4], "texture": "#2", "tintindex": 0}, "up": {"uv": [8, 3, 9, 4], "texture": "#2", "tintindex": 0}, "down": {"uv": [8, 3, 9, 4], "texture": "#2", "cullface": "down", "tintindex": 0}}}, {"from": [7, 0, 3], "to": [8, 0.5, 4], "faces": {"north": {"uv": [7, 3, 8, 4], "texture": "#2", "tintindex": 0}, "west": {"uv": [7, 3, 8, 4], "texture": "#2", "tintindex": 0}, "up": {"uv": [7, 3, 8, 4], "texture": "#2", "tintindex": 0}, "down": {"uv": [7, 3, 8, 4], "texture": "#2", "cullface": "down", "tintindex": 0}}}, {"from": [7, 0, 4], "to": [8, 0.5, 5], "faces": {"east": {"uv": [7, 4, 8, 5], "texture": "#2", "tintindex": 0}, "south": {"uv": [7, 4, 8, 5], "texture": "#2", "tintindex": 0}, "west": {"uv": [7, 4, 8, 5], "texture": "#2", "tintindex": 0}, "up": {"uv": [7, 4, 8, 5], "texture": "#2", "tintindex": 0}, "down": {"uv": [7, 4, 8, 5], "texture": "#2", "cullface": "down", "tintindex": 0}}}, {"from": [9, 0, 4], "to": [10, 0.5, 5], "faces": {"north": {"uv": [9, 4, 10, 5], "texture": "#2", "tintindex": 0}, "east": {"uv": [9, 4, 10, 5], "texture": "#2", "tintindex": 0}, "west": {"uv": [9, 4, 10, 5], "texture": "#2", "tintindex": 0}, "up": {"uv": [9, 4, 10, 5], "texture": "#2", "tintindex": 0}, "down": {"uv": [9, 4, 10, 5], "texture": "#2", "cullface": "down", "tintindex": 0}}}, {"from": [9, 0, 5], "to": [10, 0.5, 6], "faces": {"east": {"uv": [9, 5, 10, 6], "texture": "#2", "tintindex": 0}, "west": {"uv": [9, 5, 10, 6], "texture": "#2", "tintindex": 0}, "up": {"uv": [9, 5, 10, 6], "texture": "#2", "tintindex": 0}, "down": {"uv": [9, 5, 10, 6], "texture": "#2", "cullface": "down", "tintindex": 0}}}, {"from": [9, 0, 6], "to": [10, 0.5, 7], "faces": {"east": {"uv": [9, 6, 10, 7], "texture": "#2", "tintindex": 0}, "south": {"uv": [9, 6, 10, 7], "texture": "#2", "tintindex": 0}, "up": {"uv": [9, 6, 10, 7], "texture": "#2", "tintindex": 0}, "down": {"uv": [9, 6, 10, 7], "texture": "#2", "cullface": "down", "tintindex": 0}}}, {"from": [8, 0, 6], "to": [9, 0.5, 7], "faces": {"north": {"uv": [8, 6, 9, 7], "texture": "#2", "tintindex": 0}, "south": {"uv": [8, 6, 9, 7], "texture": "#2", "tintindex": 0}, "west": {"uv": [8, 6, 9, 7], "texture": "#2", "tintindex": 0}, "up": {"uv": [8, 6, 9, 7], "texture": "#2", "tintindex": 0}, "down": {"uv": [8, 6, 9, 7], "texture": "#2", "cullface": "down", "tintindex": 0}}}, {"from": [7, 0, 7], "to": [8, 0.5, 8], "faces": {"north": {"uv": [7, 7, 8, 8], "texture": "#2", "tintindex": 0}, "east": {"uv": [7, 7, 8, 8], "texture": "#2", "tintindex": 0}, "south": {"uv": [7, 7, 8, 8], "texture": "#2", "tintindex": 0}, "west": {"uv": [7, 7, 8, 8], "texture": "#2", "tintindex": 0}, "up": {"uv": [7, 7, 8, 8], "texture": "#2", "tintindex": 0}, "down": {"uv": [7, 7, 8, 8], "texture": "#2", "cullface": "down", "tintindex": 0}}}]}