{"ambientocclusion": false, "textures": {"0": "block/redstone_dust_line1", "particle": "block/redstone_dust_line1"}, "elements": [{"from": [7, 0, 0], "to": [8, 0.5, 1], "faces": {"north": {"uv": [9, 0, 8, 1], "texture": "#0", "cullface": "north", "tintindex": 0}, "east": {"uv": [9, 0, 8, 1], "texture": "#0", "tintindex": 0}, "south": {"uv": [9, 0, 8, 1], "texture": "#0", "tintindex": 0}, "west": {"uv": [9, 0, 8, 1], "texture": "#0", "tintindex": 0}, "up": {"uv": [9, 0, 8, 1], "texture": "#0", "tintindex": 0}, "down": {"uv": [9, 0, 8, 1], "texture": "#0", "cullface": "down", "tintindex": 0}}}, {"from": [7, 0, 2], "to": [8, 0.5, 3], "faces": {"north": {"uv": [9, 2, 8, 3], "texture": "#0", "tintindex": 0}, "east": {"uv": [9, 2, 8, 3], "texture": "#0", "tintindex": 0}, "west": {"uv": [9, 2, 8, 3], "texture": "#0", "tintindex": 0}, "up": {"uv": [9, 2, 8, 3], "texture": "#0", "tintindex": 0}, "down": {"uv": [9, 2, 8, 3], "texture": "#0", "cullface": "down", "tintindex": 0}}}, {"from": [7, 0, 3], "to": [8, 0.5, 4], "faces": {"east": {"uv": [9, 3, 8, 4], "texture": "#0", "tintindex": 0}, "south": {"uv": [9, 0, 8, 1], "texture": "#0", "tintindex": 0}, "up": {"uv": [9, 3, 8, 4], "texture": "#0", "tintindex": 0}, "down": {"uv": [9, 3, 8, 4], "texture": "#0", "cullface": "down", "tintindex": 0}}}, {"from": [6, 0, 3], "to": [7, 0.5, 4], "faces": {"north": {"uv": [8, 3, 7, 4], "texture": "#0", "tintindex": 0}, "west": {"uv": [8, 3, 7, 4], "texture": "#0", "tintindex": 0}, "up": {"uv": [8, 3, 7, 4], "texture": "#0", "tintindex": 0}, "down": {"uv": [8, 3, 7, 4], "texture": "#0", "cullface": "down", "tintindex": 0}}}, {"from": [6, 0, 4], "to": [7, 0.5, 5], "faces": {"east": {"uv": [8, 4, 7, 5], "texture": "#0", "tintindex": 0}, "south": {"uv": [9, 0, 8, 1], "texture": "#0", "tintindex": 0}, "west": {"uv": [8, 4, 7, 5], "texture": "#0", "tintindex": 0}, "up": {"uv": [8, 4, 7, 5], "texture": "#0", "tintindex": 0}, "down": {"uv": [8, 4, 7, 5], "texture": "#0", "cullface": "down", "tintindex": 0}}}, {"from": [8, 0, 4], "to": [9, 0.5, 5], "rotation": {"angle": 0, "axis": "y", "origin": [10, 8, 8]}, "faces": {"north": {"uv": [10, 4, 9, 5], "texture": "#0", "tintindex": 0}, "east": {"uv": [10, 4, 9, 5], "texture": "#0", "tintindex": 0}, "west": {"uv": [10, 4, 9, 5], "texture": "#0", "tintindex": 0}, "up": {"uv": [10, 4, 9, 5], "texture": "#0", "tintindex": 0}, "down": {"uv": [10, 4, 9, 5], "texture": "#0", "cullface": "down", "tintindex": 0}}}, {"from": [8, 0, 5], "to": [9, 0.5, 6], "rotation": {"angle": 0, "axis": "y", "origin": [10, 8, 8]}, "faces": {"east": {"uv": [10, 5, 9, 6], "texture": "#0", "tintindex": 0}, "west": {"uv": [10, 5, 9, 6], "texture": "#0", "tintindex": 0}, "up": {"uv": [10, 5, 9, 6], "texture": "#0", "tintindex": 0}, "down": {"uv": [10, 5, 9, 6], "texture": "#0", "cullface": "down", "tintindex": 0}}}, {"from": [8, 0, 6], "to": [9, 0.5, 7], "faces": {"east": {"uv": [10, 6, 9, 7], "texture": "#0", "tintindex": 0}, "south": {"uv": [9, 0, 8, 1], "texture": "#0", "tintindex": 0}, "up": {"uv": [10, 6, 9, 7], "texture": "#0", "tintindex": 0}, "down": {"uv": [10, 6, 9, 7], "texture": "#0", "cullface": "down", "tintindex": 0}}}, {"from": [7, 0, 6], "to": [8, 0.5, 7], "faces": {"north": {"uv": [9, 6, 8, 7], "texture": "#0", "tintindex": 0}, "west": {"uv": [9, 6, 8, 7], "texture": "#0", "tintindex": 0}, "up": {"uv": [9, 6, 8, 7], "texture": "#0", "tintindex": 0}, "down": {"uv": [9, 6, 8, 7], "texture": "#0", "cullface": "down", "tintindex": 0}}}, {"from": [6, 0, 7], "to": [7, 0.5, 8], "faces": {"north": {"uv": [8, 7, 7, 8], "texture": "#0", "tintindex": 0}, "south": {"uv": [9, 0, 8, 1], "texture": "#0", "tintindex": 0}, "west": {"uv": [8, 7, 7, 8], "texture": "#0", "tintindex": 0}, "up": {"uv": [8, 7, 7, 8], "texture": "#0", "tintindex": 0}, "down": {"uv": [8, 7, 7, 8], "texture": "#0", "cullface": "down", "tintindex": 0}}}, {"from": [7, 0, 7], "to": [8, 0.5, 8], "faces": {"east": {"uv": [9, 7, 8, 8], "texture": "#0", "tintindex": 0}, "south": {"uv": [9, 7, 8, 8], "texture": "#0", "tintindex": 0}, "up": {"uv": [9, 7, 8, 8], "texture": "#0", "tintindex": 0}, "down": {"uv": [9, 7, 8, 8], "texture": "#0", "cullface": "down", "tintindex": 0}}}]}