{"parent": "block/door_inv", "textures": {"particle": "block/spruce_door_bottom", "bottom": "block/spruce_door_bottom", "top": "block/spruce_door_top"}, "elements": [{"from": [0, 0, 0], "to": [3, 16, 16], "faces": {"north": {"uv": [3, 0, 0, 16], "texture": "#bottom", "cullface": "north"}, "east": {"uv": [16, 0, 0, 16], "texture": "#bottom"}, "south": {"uv": [0, 0, 3, 16], "texture": "#bottom", "cullface": "south"}, "west": {"uv": [0, 0, 16, 16], "texture": "#bottom", "cullface": "west"}, "down": {"uv": [16, 13, 0, 16], "rotation": 90, "texture": "#bottom", "cullface": "down"}}}, {"from": [3, 15, 11], "to": [3.25, 16, 13], "faces": {"north": {"uv": [11.5, 0, 11, 1], "texture": "#bottom"}, "east": {"uv": [13, 0, 11, 1], "texture": "#bottom"}, "south": {"uv": [12.5, 0, 12, 1], "texture": "#bottom"}, "up": {"uv": [10.5, 1, 10, 3], "texture": "#bottom", "cullface": "up"}, "down": {"uv": [10.5, 1, 10, 3], "rotation": 180, "texture": "#bottom"}}}, {"from": [3, 13, 13], "to": [3.25, 15, 14], "faces": {"north": {"uv": [10.5, 1, 10, 3], "texture": "#bottom"}, "east": {"uv": [14, 1, 13, 3], "texture": "#bottom"}, "south": {"uv": [13.5, 1, 13, 3], "texture": "#bottom"}, "up": {"uv": [13.5, 1, 13, 2], "texture": "#bottom"}, "down": {"uv": [13.5, 2, 13, 3], "texture": "#bottom"}}}, {"from": [3, 12, 11], "to": [3.25, 13, 13], "faces": {"north": {"uv": [11.5, 3, 11, 4], "texture": "#bottom"}, "east": {"uv": [13, 3, 11, 4], "texture": "#bottom"}, "south": {"uv": [12.5, 3, 12, 4], "texture": "#bottom"}, "up": {"uv": [13.5, 1, 13, 3], "texture": "#bottom"}, "down": {"uv": [13.5, 1, 13, 3], "rotation": 180, "texture": "#bottom"}}}, {"from": [3, 13, 10], "to": [3.25, 15, 11], "faces": {"north": {"uv": [10.5, 1, 10, 3], "texture": "#bottom"}, "east": {"uv": [11, 1, 10, 3], "texture": "#bottom"}, "south": {"uv": [10.5, 1, 10, 3], "texture": "#bottom"}, "up": {"uv": [10.5, 1, 10, 2], "texture": "#bottom"}, "down": {"uv": [10.5, 2, 10, 3], "texture": "#bottom"}}}, {"from": [-0.25, 13, 10], "to": [0, 15, 11], "faces": {"north": {"uv": [10, 1, 10.5, 3], "texture": "#bottom", "cullface": "west"}, "south": {"uv": [10, 1, 10.5, 3], "texture": "#bottom", "cullface": "west"}, "west": {"uv": [10, 1, 11, 3], "texture": "#bottom", "cullface": "west"}, "up": {"uv": [10, 1, 10.5, 2], "texture": "#bottom", "cullface": "west"}, "down": {"uv": [10, 2, 10.5, 3], "texture": "#bottom", "cullface": "west"}}}, {"from": [-0.25, 13, 13], "to": [0, 15, 14], "faces": {"north": {"uv": [10, 1, 10.5, 3], "texture": "#bottom", "cullface": "west"}, "south": {"uv": [13, 1, 13.5, 3], "texture": "#bottom", "cullface": "west"}, "west": {"uv": [13, 1, 14, 3], "texture": "#bottom", "cullface": "west"}, "up": {"uv": [13, 1, 13.5, 2], "texture": "#bottom", "cullface": "west"}, "down": {"uv": [13, 2, 13.5, 3], "texture": "#bottom", "cullface": "west"}}}, {"from": [-0.25, 15, 11], "to": [0, 16, 13], "faces": {"north": {"uv": [11, 0, 11.5, 1], "texture": "#bottom", "cullface": "west"}, "south": {"uv": [12, 0, 12.5, 1], "texture": "#bottom", "cullface": "west"}, "west": {"uv": [11, 0, 13, 1], "texture": "#bottom", "cullface": "west"}, "up": {"uv": [10, 1, 10.5, 3], "texture": "#bottom", "cullface": "west"}, "down": {"uv": [10, 1, 10.5, 3], "rotation": 180, "texture": "#bottom", "cullface": "west"}}}, {"from": [-0.25, 12, 11], "to": [0, 13, 13], "faces": {"north": {"uv": [11, 3, 11.5, 4], "texture": "#bottom", "cullface": "west"}, "south": {"uv": [12, 3, 12.5, 4], "texture": "#bottom", "cullface": "west"}, "west": {"uv": [11, 3, 13, 4], "texture": "#bottom", "cullface": "west"}, "up": {"uv": [13, 1, 13.5, 3], "texture": "#bottom", "cullface": "west"}, "down": {"uv": [13, 1, 13.5, 3], "rotation": 180, "texture": "#bottom", "cullface": "west"}}}, {"from": [0.01, 4, -0.25], "to": [1.01, 5, 0], "faces": {"north": {"uv": [1, 11, 0, 12], "texture": "#bottom", "cullface": "north"}, "east": {"uv": [1, 11, 0, 12], "texture": "#bottom", "cullface": "north"}, "west": {"uv": [1, 11, 0, 12], "texture": "#bottom", "cullface": "north"}, "down": {"uv": [1, 11, 0, 12], "texture": "#bottom", "cullface": "north"}}}, {"from": [0.01, 15, -0.25], "to": [1.01, 16, 0], "faces": {"north": {"uv": [1, 0, 0, 1], "texture": "#bottom", "cullface": "north"}, "east": {"uv": [1, 0, 0, 1], "texture": "#bottom", "cullface": "north"}, "west": {"uv": [1, 0, 0, 1], "texture": "#bottom", "cullface": "north"}, "down": {"uv": [1, 0, 0, 1], "texture": "#bottom", "cullface": "north"}}}, {"from": [0.01, 5, -0.25], "to": [3.01, 6, 0], "faces": {"north": {"uv": [3, 10, 0, 11], "texture": "#bottom", "cullface": "north"}, "east": {"uv": [3, 10, 2, 11], "texture": "#bottom", "cullface": "north"}, "west": {"uv": [1, 10, 0, 11], "texture": "#bottom", "cullface": "north"}, "up": {"uv": [3, 10, 0, 11], "rotation": 180, "texture": "#bottom", "cullface": "north"}, "down": {"uv": [3, 10, 0, 11], "rotation": 180, "texture": "#bottom", "cullface": "north"}}}, {"from": [-0.25, 4, 0], "to": [0, 5, 1], "faces": {"north": {"uv": [0, 11, 1, 12], "texture": "#bottom", "cullface": "west"}, "south": {"uv": [0, 11, 1, 12], "texture": "#bottom", "cullface": "west"}, "west": {"uv": [0, 11, 1, 12], "texture": "#bottom", "cullface": "west"}, "down": {"uv": [0, 11, 1, 12], "texture": "#bottom", "cullface": "west"}}}, {"from": [-0.25, 15, 0], "to": [0, 16, 1], "faces": {"north": {"uv": [0, 0, 1, 1], "texture": "#bottom", "cullface": "west"}, "south": {"uv": [0, 0, 1, 1], "texture": "#bottom", "cullface": "west"}, "west": {"uv": [0, 0, 1, 1], "texture": "#bottom", "cullface": "west"}, "down": {"uv": [0, 0, 1, 1], "texture": "#bottom", "cullface": "west"}}}, {"from": [-0.25, 5, 0], "to": [0, 6, 3], "faces": {"north": {"uv": [0, 10, 1, 11], "texture": "#bottom", "cullface": "west"}, "south": {"uv": [2, 10, 3, 11], "texture": "#bottom", "cullface": "west"}, "west": {"uv": [0, 10, 3, 11], "texture": "#bottom", "cullface": "west"}, "up": {"uv": [0, 10, 3, 11], "rotation": 90, "texture": "#bottom", "cullface": "west"}, "down": {"uv": [0, 10, 3, 11], "rotation": 270, "texture": "#bottom", "cullface": "west"}}}, {"from": [-0.25, 5, 4], "to": [0, 6, 6], "faces": {"north": {"uv": [4, 10, 5, 11], "texture": "#bottom", "cullface": "west"}, "south": {"uv": [5, 10, 6, 11], "texture": "#bottom", "cullface": "west"}, "west": {"uv": [4, 10, 6, 11], "texture": "#bottom", "cullface": "west"}, "up": {"uv": [4, 10, 6, 11], "rotation": 90, "texture": "#bottom", "cullface": "west"}, "down": {"uv": [4, 10, 6, 11], "rotation": 270, "texture": "#bottom", "cullface": "west"}}}, {"from": [-0.25, 5, 7], "to": [0, 6, 9], "faces": {"north": {"uv": [4, 10, 5, 11], "texture": "#bottom", "cullface": "west"}, "south": {"uv": [5, 10, 6, 11], "texture": "#bottom", "cullface": "west"}, "west": {"uv": [4, 10, 6, 11], "texture": "#bottom", "cullface": "west"}, "up": {"uv": [4, 10, 6, 11], "rotation": 90, "texture": "#bottom", "cullface": "west"}, "down": {"uv": [4, 10, 6, 11], "rotation": 270, "texture": "#bottom", "cullface": "west"}}}, {"from": [-0.25, 5, 10], "to": [0, 6, 12], "faces": {"north": {"uv": [4, 10, 5, 11], "texture": "#bottom", "cullface": "west"}, "south": {"uv": [5, 10, 6, 11], "texture": "#bottom", "cullface": "west"}, "west": {"uv": [4, 10, 6, 11], "texture": "#bottom", "cullface": "west"}, "up": {"uv": [4, 10, 6, 11], "rotation": 90, "texture": "#bottom", "cullface": "west"}, "down": {"uv": [4, 10, 6, 11], "rotation": 270, "texture": "#bottom", "cullface": "west"}}}, {"from": [-0.25, 5, 13], "to": [0, 6, 15], "faces": {"north": {"uv": [4, 10, 5, 11], "texture": "#bottom", "cullface": "west"}, "south": {"uv": [5, 10, 6, 11], "texture": "#bottom", "cullface": "west"}, "west": {"uv": [4, 10, 6, 11], "texture": "#bottom", "cullface": "west"}, "up": {"uv": [4, 10, 6, 11], "rotation": 90, "texture": "#bottom", "cullface": "west"}, "down": {"uv": [4, 10, 6, 11], "rotation": 270, "texture": "#bottom", "cullface": "west"}}}, {"from": [3, 4, 0], "to": [3.25, 5, 1], "rotation": {"angle": 0, "axis": "y", "origin": [-5, 8, 8]}, "faces": {"north": {"uv": [1, 11, 0, 12], "texture": "#bottom", "cullface": "east"}, "east": {"uv": [1, 11, 0, 12], "texture": "#bottom", "cullface": "east"}, "south": {"uv": [1, 11, 0, 12], "texture": "#bottom", "cullface": "east"}, "down": {"uv": [1, 11, 0, 12], "texture": "#bottom", "cullface": "east"}}}, {"from": [3, 15, 0], "to": [3.25, 16, 1], "rotation": {"angle": 0, "axis": "y", "origin": [-5, 8, 8]}, "faces": {"north": {"uv": [1, 0, 0, 1], "texture": "#bottom", "cullface": "east"}, "east": {"uv": [1, 0, 0, 1], "texture": "#bottom", "cullface": "east"}, "south": {"uv": [1, 0, 0, 1], "texture": "#bottom", "cullface": "east"}, "down": {"uv": [1, 0, 0, 1], "texture": "#bottom", "cullface": "east"}}}, {"from": [3, 5, 0], "to": [3.25, 6, 3], "rotation": {"angle": 0, "axis": "y", "origin": [-5, 8, 8]}, "faces": {"north": {"uv": [1, 10, 0, 11], "texture": "#bottom", "cullface": "east"}, "east": {"uv": [3, 10, 0, 11], "texture": "#bottom", "cullface": "east"}, "south": {"uv": [3, 10, 2, 11], "texture": "#bottom", "cullface": "east"}, "up": {"uv": [0, 11, 3, 10], "rotation": 90, "texture": "#bottom", "cullface": "east"}, "down": {"uv": [0, 11, 3, 10], "rotation": 270, "texture": "#bottom", "cullface": "east"}}}, {"from": [3, 5, 4], "to": [3.25, 6, 6], "rotation": {"angle": 0, "axis": "y", "origin": [-5, 8, 8]}, "faces": {"north": {"uv": [5, 10, 4, 11], "texture": "#bottom", "cullface": "east"}, "east": {"uv": [6, 10, 4, 11], "texture": "#bottom", "cullface": "east"}, "south": {"uv": [6, 10, 5, 11], "texture": "#bottom", "cullface": "east"}, "up": {"uv": [4, 11, 6, 10], "rotation": 90, "texture": "#bottom", "cullface": "east"}, "down": {"uv": [4, 11, 6, 10], "rotation": 270, "texture": "#bottom", "cullface": "east"}}}, {"from": [3, 5, 7], "to": [3.25, 6, 9], "rotation": {"angle": 0, "axis": "y", "origin": [-5, 8, 8]}, "faces": {"north": {"uv": [5, 10, 4, 11], "texture": "#bottom", "cullface": "east"}, "east": {"uv": [6, 10, 4, 11], "texture": "#bottom", "cullface": "east"}, "south": {"uv": [6, 10, 5, 11], "texture": "#bottom", "cullface": "east"}, "up": {"uv": [4, 11, 6, 10], "rotation": 90, "texture": "#bottom", "cullface": "east"}, "down": {"uv": [4, 11, 6, 10], "rotation": 270, "texture": "#bottom", "cullface": "east"}}}, {"from": [3, 5, 10], "to": [3.25, 6, 12], "rotation": {"angle": 0, "axis": "y", "origin": [-5, 8, 8]}, "faces": {"north": {"uv": [5, 10, 4, 11], "texture": "#bottom", "cullface": "east"}, "east": {"uv": [6, 10, 4, 11], "texture": "#bottom", "cullface": "east"}, "south": {"uv": [6, 10, 5, 11], "texture": "#bottom", "cullface": "east"}, "up": {"uv": [4, 11, 6, 10], "rotation": 90, "texture": "#bottom", "cullface": "east"}, "down": {"uv": [4, 11, 6, 10], "rotation": 270, "texture": "#bottom", "cullface": "east"}}}, {"from": [3, 5, 13], "to": [3.25, 6, 15], "rotation": {"angle": 0, "axis": "y", "origin": [-5, 8, 8]}, "faces": {"north": {"uv": [5, 10, 4, 11], "texture": "#bottom", "cullface": "east"}, "east": {"uv": [6, 10, 4, 11], "texture": "#bottom", "cullface": "east"}, "south": {"uv": [6, 10, 5, 11], "texture": "#bottom", "cullface": "east"}, "up": {"uv": [4, 11, 6, 10], "rotation": 90, "texture": "#bottom", "cullface": "east"}, "down": {"uv": [4, 11, 6, 10], "rotation": 270, "texture": "#bottom", "cullface": "east"}}}, {"from": [0.01, 4, 16], "to": [1.01, 5, 16.25], "faces": {"east": {"uv": [0, 11, 1, 12], "texture": "#bottom", "cullface": "south"}, "south": {"uv": [0, 11, 1, 12], "texture": "#bottom", "cullface": "south"}, "west": {"uv": [0, 11, 1, 12], "texture": "#bottom", "cullface": "south"}, "down": {"uv": [1, 12, 0, 11], "texture": "#bottom", "cullface": "south"}}}, {"from": [0.01, 15, 16], "to": [1.01, 16, 16.25], "faces": {"east": {"uv": [0, 0, 1, 1], "texture": "#bottom", "cullface": "south"}, "south": {"uv": [0, 0, 1, 1], "texture": "#bottom", "cullface": "south"}, "west": {"uv": [0, 0, 1, 1], "texture": "#bottom", "cullface": "south"}, "down": {"uv": [1, 1, 0, 0], "texture": "#bottom", "cullface": "south"}}}, {"from": [0.01, 5, 16], "to": [3.01, 6, 16.25], "faces": {"east": {"uv": [2, 10, 3, 11], "texture": "#bottom", "cullface": "south"}, "south": {"uv": [0, 10, 3, 11], "texture": "#bottom", "cullface": "south"}, "west": {"uv": [0, 10, 1, 11], "texture": "#bottom", "cullface": "south"}, "up": {"uv": [3, 11, 0, 10], "rotation": 180, "texture": "#bottom", "cullface": "south"}, "down": {"uv": [3, 11, 0, 10], "rotation": 180, "texture": "#bottom", "cullface": "south"}}}, {"from": [0, 16, 0], "to": [3, 32, 16], "rotation": {"angle": 0, "axis": "y", "origin": [8, 24, 8]}, "faces": {"north": {"uv": [3, 0, 0, 16], "texture": "#top", "cullface": "north"}, "east": {"uv": [16, 0, 0, 16], "texture": "#top"}, "south": {"uv": [0, 0, 3, 16], "texture": "#top", "cullface": "south"}, "west": {"uv": [0, 0, 16, 16], "texture": "#top", "cullface": "west"}, "up": {"uv": [0, 3, 16, 0], "rotation": 90, "texture": "#top", "cullface": "up"}}}, {"from": [-0.25, 27, 13], "to": [0, 28, 15], "rotation": {"angle": 0, "axis": "y", "origin": [8, 30, 8]}, "faces": {"north": {"uv": [4, 10, 5, 11], "texture": "#bottom", "cullface": "west"}, "south": {"uv": [5, 10, 6, 11], "texture": "#bottom", "cullface": "west"}, "west": {"uv": [4, 10, 6, 11], "texture": "#bottom", "cullface": "west"}, "up": {"uv": [4, 10, 6, 11], "rotation": 90, "texture": "#bottom", "cullface": "west"}, "down": {"uv": [4, 10, 6, 11], "rotation": 270, "texture": "#bottom", "cullface": "west"}}}, {"from": [-0.25, 16, 13], "to": [0, 17, 15], "rotation": {"angle": 0, "axis": "y", "origin": [8, 19, 8]}, "faces": {"north": {"uv": [4, 10, 5, 11], "texture": "#bottom", "cullface": "west"}, "south": {"uv": [5, 10, 6, 11], "texture": "#bottom", "cullface": "west"}, "west": {"uv": [4, 10, 6, 11], "texture": "#bottom", "cullface": "west"}, "up": {"uv": [4, 10, 6, 11], "rotation": 90, "texture": "#bottom", "cullface": "west"}, "down": {"uv": [4, 10, 6, 11], "rotation": 270, "texture": "#bottom", "cullface": "west"}}}, {"from": [-0.25, 27, 10], "to": [0, 28, 12], "rotation": {"angle": 0, "axis": "y", "origin": [8, 30, 8]}, "faces": {"north": {"uv": [4, 10, 5, 11], "texture": "#bottom", "cullface": "west"}, "south": {"uv": [5, 10, 6, 11], "texture": "#bottom", "cullface": "west"}, "west": {"uv": [4, 10, 6, 11], "texture": "#bottom", "cullface": "west"}, "up": {"uv": [4, 10, 6, 11], "rotation": 90, "texture": "#bottom", "cullface": "west"}, "down": {"uv": [4, 10, 6, 11], "rotation": 270, "texture": "#bottom", "cullface": "west"}}}, {"from": [-0.25, 16, 10], "to": [0, 17, 12], "rotation": {"angle": 0, "axis": "y", "origin": [8, 19, 8]}, "faces": {"north": {"uv": [4, 10, 5, 11], "texture": "#bottom", "cullface": "west"}, "south": {"uv": [5, 10, 6, 11], "texture": "#bottom", "cullface": "west"}, "west": {"uv": [4, 10, 6, 11], "texture": "#bottom", "cullface": "west"}, "up": {"uv": [4, 10, 6, 11], "rotation": 90, "texture": "#bottom", "cullface": "west"}, "down": {"uv": [4, 10, 6, 11], "rotation": 270, "texture": "#bottom", "cullface": "west"}}}, {"from": [-0.25, 27, 7], "to": [0, 28, 9], "rotation": {"angle": 0, "axis": "y", "origin": [8, 30, 8]}, "faces": {"north": {"uv": [4, 10, 5, 11], "texture": "#bottom", "cullface": "west"}, "south": {"uv": [5, 10, 6, 11], "texture": "#bottom", "cullface": "west"}, "west": {"uv": [4, 10, 6, 11], "texture": "#bottom", "cullface": "west"}, "up": {"uv": [4, 10, 6, 11], "rotation": 90, "texture": "#bottom", "cullface": "west"}, "down": {"uv": [4, 10, 6, 11], "rotation": 270, "texture": "#bottom", "cullface": "west"}}}, {"from": [-0.25, 16, 7], "to": [0, 17, 9], "rotation": {"angle": 0, "axis": "y", "origin": [8, 19, 8]}, "faces": {"north": {"uv": [4, 10, 5, 11], "texture": "#bottom", "cullface": "west"}, "south": {"uv": [5, 10, 6, 11], "texture": "#bottom", "cullface": "west"}, "west": {"uv": [4, 10, 6, 11], "texture": "#bottom", "cullface": "west"}, "up": {"uv": [4, 10, 6, 11], "rotation": 90, "texture": "#bottom", "cullface": "west"}, "down": {"uv": [4, 10, 6, 11], "rotation": 270, "texture": "#bottom", "cullface": "west"}}}, {"from": [-0.25, 27, 4], "to": [0, 28, 6], "rotation": {"angle": 0, "axis": "y", "origin": [8, 30, 8]}, "faces": {"north": {"uv": [4, 10, 5, 11], "texture": "#bottom", "cullface": "west"}, "south": {"uv": [5, 10, 6, 11], "texture": "#bottom", "cullface": "west"}, "west": {"uv": [4, 10, 6, 11], "texture": "#bottom", "cullface": "west"}, "up": {"uv": [4, 10, 6, 11], "rotation": 90, "texture": "#bottom", "cullface": "west"}, "down": {"uv": [4, 10, 6, 11], "rotation": 270, "texture": "#bottom", "cullface": "west"}}}, {"from": [-0.25, 16, 4], "to": [0, 17, 6], "rotation": {"angle": 0, "axis": "y", "origin": [8, 19, 8]}, "faces": {"north": {"uv": [4, 10, 5, 11], "texture": "#bottom", "cullface": "west"}, "south": {"uv": [5, 10, 6, 11], "texture": "#bottom", "cullface": "west"}, "west": {"uv": [4, 10, 6, 11], "texture": "#bottom", "cullface": "west"}, "up": {"uv": [4, 10, 6, 11], "rotation": 90, "texture": "#bottom", "cullface": "west"}, "down": {"uv": [4, 10, 6, 11], "rotation": 270, "texture": "#bottom", "cullface": "west"}}}, {"from": [-0.25, 27, 0], "to": [0, 28, 3], "rotation": {"angle": 0, "axis": "y", "origin": [8, 30, 8]}, "faces": {"north": {"uv": [0, 10, 1, 11], "texture": "#bottom", "cullface": "west"}, "south": {"uv": [2, 10, 3, 11], "texture": "#bottom", "cullface": "west"}, "west": {"uv": [0, 10, 3, 11], "texture": "#bottom", "cullface": "west"}, "up": {"uv": [0, 10, 3, 11], "rotation": 90, "texture": "#bottom", "cullface": "west"}, "down": {"uv": [0, 10, 3, 11], "rotation": 270, "texture": "#bottom", "cullface": "west"}}}, {"from": [-0.25, 16, 0], "to": [0, 17, 3], "rotation": {"angle": 0, "axis": "y", "origin": [8, 19, 8]}, "faces": {"north": {"uv": [0, 10, 1, 11], "texture": "#bottom", "cullface": "west"}, "south": {"uv": [2, 10, 3, 11], "texture": "#bottom", "cullface": "west"}, "west": {"uv": [0, 10, 3, 11], "texture": "#bottom", "cullface": "west"}, "up": {"uv": [0, 10, 3, 11], "rotation": 90, "texture": "#bottom", "cullface": "west"}, "down": {"uv": [0, 10, 3, 11], "rotation": 270, "texture": "#bottom", "cullface": "west"}}}, {"from": [-0.25, 26, 0], "to": [0, 27, 1], "rotation": {"angle": 0, "axis": "y", "origin": [8, 30, 8]}, "faces": {"north": {"uv": [0, 11, 1, 12], "texture": "#bottom", "cullface": "west"}, "south": {"uv": [0, 11, 1, 12], "texture": "#bottom", "cullface": "west"}, "west": {"uv": [0, 11, 1, 12], "texture": "#bottom", "cullface": "west"}, "down": {"uv": [0, 11, 1, 12], "texture": "#bottom", "cullface": "west"}}}, {"from": [0.01, 26, -0.25], "to": [1.01, 27, 0], "rotation": {"angle": 0, "axis": "y", "origin": [8, 30, 8]}, "faces": {"north": {"uv": [1, 11, 0, 12], "texture": "#bottom", "cullface": "north"}, "east": {"uv": [1, 11, 0, 12], "texture": "#bottom", "cullface": "north"}, "west": {"uv": [1, 11, 0, 12], "texture": "#bottom", "cullface": "north"}, "down": {"uv": [1, 11, 0, 12], "texture": "#bottom", "cullface": "north"}}}, {"from": [0.01, 27, -0.25], "to": [3.01, 28, 0], "rotation": {"angle": 0, "axis": "y", "origin": [8, 30, 8]}, "faces": {"north": {"uv": [3, 10, 0, 11], "texture": "#bottom", "cullface": "north"}, "east": {"uv": [3, 10, 2, 11], "texture": "#bottom", "cullface": "north"}, "west": {"uv": [1, 10, 0, 11], "texture": "#bottom", "cullface": "north"}, "up": {"uv": [3, 10, 0, 11], "rotation": 180, "texture": "#bottom", "cullface": "north"}, "down": {"uv": [3, 10, 0, 11], "rotation": 180, "texture": "#bottom", "cullface": "north"}}}, {"from": [0.01, 16, -0.25], "to": [3.01, 17, 0], "rotation": {"angle": 0, "axis": "y", "origin": [8, 19, 8]}, "faces": {"north": {"uv": [3, 10, 0, 11], "texture": "#bottom", "cullface": "north"}, "east": {"uv": [3, 10, 2, 11], "texture": "#bottom", "cullface": "north"}, "west": {"uv": [1, 10, 0, 11], "texture": "#bottom", "cullface": "north"}, "up": {"uv": [3, 10, 0, 11], "rotation": 180, "texture": "#bottom", "cullface": "north"}, "down": {"uv": [3, 10, 0, 11], "rotation": 180, "texture": "#bottom", "cullface": "north"}}}, {"from": [3, 26, 0], "to": [3.25, 27, 1], "rotation": {"angle": 0, "axis": "y", "origin": [-5, 30, 8]}, "faces": {"north": {"uv": [1, 11, 0, 12], "texture": "#bottom", "cullface": "east"}, "east": {"uv": [1, 11, 0, 12], "texture": "#bottom", "cullface": "east"}, "south": {"uv": [1, 11, 0, 12], "texture": "#bottom", "cullface": "east"}, "down": {"uv": [1, 11, 0, 12], "texture": "#bottom", "cullface": "east"}}}, {"from": [3, 27, 0], "to": [3.25, 28, 3], "rotation": {"angle": 0, "axis": "y", "origin": [-5, 30, 8]}, "faces": {"north": {"uv": [1, 10, 0, 11], "texture": "#bottom", "cullface": "east"}, "east": {"uv": [3, 10, 0, 11], "texture": "#bottom", "cullface": "east"}, "south": {"uv": [3, 10, 2, 11], "texture": "#bottom", "cullface": "east"}, "up": {"uv": [0, 11, 3, 10], "rotation": 90, "texture": "#bottom", "cullface": "east"}, "down": {"uv": [0, 11, 3, 10], "rotation": 270, "texture": "#bottom", "cullface": "east"}}}, {"from": [3, 16, 0], "to": [3.25, 17, 3], "rotation": {"angle": 0, "axis": "y", "origin": [-5, 19, 8]}, "faces": {"north": {"uv": [1, 10, 0, 11], "texture": "#bottom", "cullface": "east"}, "east": {"uv": [3, 10, 0, 11], "texture": "#bottom", "cullface": "east"}, "south": {"uv": [3, 10, 2, 11], "texture": "#bottom", "cullface": "east"}, "up": {"uv": [0, 11, 3, 10], "rotation": 90, "texture": "#bottom", "cullface": "east"}, "down": {"uv": [0, 11, 3, 10], "rotation": 270, "texture": "#bottom", "cullface": "east"}}}, {"from": [3, 27, 4], "to": [3.25, 28, 6], "rotation": {"angle": 0, "axis": "y", "origin": [-5, 30, 8]}, "faces": {"north": {"uv": [5, 10, 4, 11], "texture": "#bottom", "cullface": "east"}, "east": {"uv": [6, 10, 4, 11], "texture": "#bottom", "cullface": "east"}, "south": {"uv": [6, 10, 5, 11], "texture": "#bottom", "cullface": "east"}, "up": {"uv": [4, 11, 6, 10], "rotation": 90, "texture": "#bottom", "cullface": "east"}, "down": {"uv": [4, 11, 6, 10], "rotation": 270, "texture": "#bottom", "cullface": "east"}}}, {"from": [3, 16, 4], "to": [3.25, 17, 6], "rotation": {"angle": 0, "axis": "y", "origin": [-5, 19, 8]}, "faces": {"north": {"uv": [5, 10, 4, 11], "texture": "#bottom", "cullface": "east"}, "east": {"uv": [6, 10, 4, 11], "texture": "#bottom", "cullface": "east"}, "south": {"uv": [6, 10, 5, 11], "texture": "#bottom", "cullface": "east"}, "up": {"uv": [4, 11, 6, 10], "rotation": 90, "texture": "#bottom", "cullface": "east"}, "down": {"uv": [4, 11, 6, 10], "rotation": 270, "texture": "#bottom", "cullface": "east"}}}, {"from": [3, 27, 7], "to": [3.25, 28, 9], "rotation": {"angle": 0, "axis": "y", "origin": [-5, 30, 8]}, "faces": {"north": {"uv": [5, 10, 4, 11], "texture": "#bottom", "cullface": "east"}, "east": {"uv": [6, 10, 4, 11], "texture": "#bottom", "cullface": "east"}, "south": {"uv": [6, 10, 5, 11], "texture": "#bottom", "cullface": "east"}, "up": {"uv": [4, 11, 6, 10], "rotation": 90, "texture": "#bottom", "cullface": "east"}, "down": {"uv": [4, 11, 6, 10], "rotation": 270, "texture": "#bottom", "cullface": "east"}}}, {"from": [3, 16, 7], "to": [3.25, 17, 9], "rotation": {"angle": 0, "axis": "y", "origin": [-5, 19, 8]}, "faces": {"north": {"uv": [5, 10, 4, 11], "texture": "#bottom", "cullface": "east"}, "east": {"uv": [6, 10, 4, 11], "texture": "#bottom", "cullface": "east"}, "south": {"uv": [6, 10, 5, 11], "texture": "#bottom", "cullface": "east"}, "up": {"uv": [4, 11, 6, 10], "rotation": 90, "texture": "#bottom", "cullface": "east"}, "down": {"uv": [4, 11, 6, 10], "rotation": 270, "texture": "#bottom", "cullface": "east"}}}, {"from": [3, 27, 10], "to": [3.25, 28, 12], "rotation": {"angle": 0, "axis": "y", "origin": [-5, 30, 8]}, "faces": {"north": {"uv": [5, 10, 4, 11], "texture": "#bottom", "cullface": "east"}, "east": {"uv": [6, 10, 4, 11], "texture": "#bottom", "cullface": "east"}, "south": {"uv": [6, 10, 5, 11], "texture": "#bottom", "cullface": "east"}, "up": {"uv": [4, 11, 6, 10], "rotation": 90, "texture": "#bottom", "cullface": "east"}, "down": {"uv": [4, 11, 6, 10], "rotation": 270, "texture": "#bottom", "cullface": "east"}}}, {"from": [3, 16, 10], "to": [3.25, 17, 12], "rotation": {"angle": 0, "axis": "y", "origin": [-5, 19, 8]}, "faces": {"north": {"uv": [5, 10, 4, 11], "texture": "#bottom", "cullface": "east"}, "east": {"uv": [6, 10, 4, 11], "texture": "#bottom", "cullface": "east"}, "south": {"uv": [6, 10, 5, 11], "texture": "#bottom", "cullface": "east"}, "up": {"uv": [4, 11, 6, 10], "rotation": 90, "texture": "#bottom", "cullface": "east"}, "down": {"uv": [4, 11, 6, 10], "rotation": 270, "texture": "#bottom", "cullface": "east"}}}, {"from": [3, 27, 13], "to": [3.25, 28, 15], "rotation": {"angle": 0, "axis": "y", "origin": [-5, 30, 8]}, "faces": {"north": {"uv": [5, 10, 4, 11], "texture": "#bottom", "cullface": "east"}, "east": {"uv": [6, 10, 4, 11], "texture": "#bottom", "cullface": "east"}, "south": {"uv": [6, 10, 5, 11], "texture": "#bottom", "cullface": "east"}, "up": {"uv": [4, 11, 6, 10], "rotation": 90, "texture": "#bottom", "cullface": "east"}, "down": {"uv": [4, 11, 6, 10], "rotation": 270, "texture": "#bottom", "cullface": "east"}}}, {"from": [3, 16, 13], "to": [3.25, 17, 15], "rotation": {"angle": 0, "axis": "y", "origin": [-5, 19, 8]}, "faces": {"north": {"uv": [5, 10, 4, 11], "texture": "#bottom", "cullface": "east"}, "east": {"uv": [6, 10, 4, 11], "texture": "#bottom", "cullface": "east"}, "south": {"uv": [6, 10, 5, 11], "texture": "#bottom", "cullface": "east"}, "up": {"uv": [4, 11, 6, 10], "rotation": 90, "texture": "#bottom", "cullface": "east"}, "down": {"uv": [4, 11, 6, 10], "rotation": 270, "texture": "#bottom", "cullface": "east"}}}, {"from": [0.01, 26, 16], "to": [1.01, 27, 16.25], "rotation": {"angle": 0, "axis": "y", "origin": [8, 30, 8]}, "faces": {"east": {"uv": [0, 11, 1, 12], "texture": "#bottom", "cullface": "south"}, "south": {"uv": [0, 11, 1, 12], "texture": "#bottom", "cullface": "south"}, "west": {"uv": [0, 11, 1, 12], "texture": "#bottom", "cullface": "south"}, "down": {"uv": [1, 12, 0, 11], "texture": "#bottom", "cullface": "south"}}}, {"from": [0.01, 27, 16], "to": [3.01, 28, 16.25], "rotation": {"angle": 0, "axis": "y", "origin": [8, 30, 8]}, "faces": {"east": {"uv": [2, 10, 3, 11], "texture": "#bottom", "cullface": "south"}, "south": {"uv": [0, 10, 3, 11], "texture": "#bottom", "cullface": "south"}, "west": {"uv": [0, 10, 1, 11], "texture": "#bottom", "cullface": "south"}, "up": {"uv": [3, 11, 0, 10], "rotation": 180, "texture": "#bottom", "cullface": "south"}, "down": {"uv": [3, 11, 0, 10], "rotation": 180, "texture": "#bottom", "cullface": "south"}}}, {"from": [0.01, 16, 16], "to": [3.01, 17, 16.25], "rotation": {"angle": 0, "axis": "y", "origin": [8, 19, 8]}, "faces": {"east": {"uv": [2, 10, 3, 11], "texture": "#bottom", "cullface": "south"}, "south": {"uv": [0, 10, 3, 11], "texture": "#bottom", "cullface": "south"}, "west": {"uv": [0, 10, 1, 11], "texture": "#bottom", "cullface": "south"}, "up": {"uv": [3, 11, 0, 10], "rotation": 180, "texture": "#bottom", "cullface": "south"}, "down": {"uv": [3, 11, 0, 10], "rotation": 180, "texture": "#bottom", "cullface": "south"}}}], "groups": [0, {"name": "east handle", "origin": [-5, 8, 8], "color": 0, "children": [1, 2, 3, 4]}, {"name": "west handle", "origin": [8, 8, 8], "color": 0, "children": [5, 6, 7, 8]}, {"name": "north", "origin": [8, 8, 8], "color": 0, "children": [9, 10, 11]}, {"name": "west", "origin": [8, 8, 8], "color": 0, "children": [12, 13, 14, 15, 16, 17, 18]}, {"name": "east", "origin": [8, 8, 8], "color": 0, "children": [19, 20, 21, 22, 23, 24, 25]}, {"name": "south", "origin": [8, 8, 8], "color": 0, "children": [26, 27, 28]}, {"name": "spruce_door_top", "origin": [8, 8, 8], "color": 0, "children": [29, {"name": "west", "origin": [8, 8, 8], "color": 0, "children": [30, 31, 32, 33, 34, 35, 36, 37, 38, 39, 40]}, {"name": "north", "origin": [8, 8, 8], "color": 0, "children": [41, 42, 43]}, {"name": "east", "origin": [8, 8, 8], "color": 0, "children": [44, 45, 46, 47, 48, 49, 50, 51, 52, 53, 54]}, {"name": "south", "origin": [8, 8, 8], "color": 0, "children": [55, 56, 57]}]}]}