{"ambientocclusion": false, "textures": {"particle": "#front", "back": "3d/rails/rail"}, "elements": [{"name": "Cube", "from": [2, 1, 0], "to": [4, 2, 16], "rotation": {"angle": 0, "axis": "y", "origin": [8, 8, 8]}, "faces": {"north": {"uv": [4, 0, 2, 1], "texture": "#front", "cullface": "north"}, "east": {"uv": [4, 0, 3, 16], "rotation": 90, "texture": "#front"}, "south": {"uv": [2, 15, 4, 16], "texture": "#front", "cullface": "south"}, "west": {"uv": [3, 16, 2, 0], "rotation": 90, "texture": "#front"}, "up": {"uv": [2, 0, 4, 16], "texture": "#front"}, "down": {"uv": [4, 16, 2, 0], "rotation": 180, "texture": "#front"}}}, {"name": "Cube", "from": [12, 1, 0], "to": [14, 2, 16], "rotation": {"angle": 0, "axis": "y", "origin": [8, 8, 8]}, "faces": {"north": {"uv": [14, 0, 12, 1], "texture": "#front", "cullface": "north"}, "east": {"uv": [13, 16, 14, 0], "rotation": 270, "texture": "#front"}, "south": {"uv": [12, 15, 14, 16], "texture": "#front", "cullface": "south"}, "west": {"uv": [13, 16, 12, 0], "rotation": 90, "texture": "#front"}, "up": {"uv": [12, 0, 14, 16], "texture": "#front"}, "down": {"uv": [14, 16, 12, 0], "rotation": 180, "texture": "#front"}}}, {"name": "Cube", "from": [1, 0, 1], "to": [15, 1, 3], "rotation": {"angle": 0, "axis": "y", "origin": [8, 8, 8]}, "faces": {"north": {"uv": [1, 1, 15, 2], "rotation": 180, "texture": "#back"}, "east": {"uv": [14, 1, 15, 3], "rotation": 90, "texture": "#back"}, "south": {"uv": [15, 2, 1, 3], "rotation": 180, "texture": "#back"}, "west": {"uv": [1, 3, 2, 1], "rotation": 90, "texture": "#back"}, "up": {"uv": [1, 1, 15, 3], "texture": "#back"}, "down": {"uv": [15, 1, 1, 3], "rotation": 180, "texture": "#back", "cullface": "down"}}}, {"name": "Cube", "from": [1, 0, 5], "to": [15, 1, 7], "rotation": {"angle": 0, "axis": "y", "origin": [8, 8, 8]}, "faces": {"north": {"uv": [1, 5, 15, 6], "rotation": 180, "texture": "#back"}, "east": {"uv": [14, 5, 15, 7], "rotation": 90, "texture": "#back"}, "south": {"uv": [15, 6, 1, 7], "rotation": 180, "texture": "#back"}, "west": {"uv": [1, 7, 2, 5], "rotation": 90, "texture": "#back"}, "up": {"uv": [1, 5, 15, 7], "texture": "#back"}, "down": {"uv": [15, 5, 1, 7], "rotation": 180, "texture": "#back", "cullface": "down"}}}, {"name": "Cube", "from": [1, 0, 9], "to": [15, 1, 11], "rotation": {"angle": 0, "axis": "y", "origin": [8, 8, 8]}, "faces": {"north": {"uv": [1, 9, 15, 10], "rotation": 180, "texture": "#back"}, "east": {"uv": [14, 9, 15, 11], "rotation": 90, "texture": "#back"}, "south": {"uv": [15, 10, 1, 11], "rotation": 180, "texture": "#back"}, "west": {"uv": [1, 11, 2, 9], "rotation": 90, "texture": "#back"}, "up": {"uv": [1, 9, 15, 11], "texture": "#back"}, "down": {"uv": [15, 9, 1, 11], "rotation": 180, "texture": "#back", "cullface": "down"}}}, {"name": "Cube", "from": [1, 0, 13], "to": [15, 1, 15], "rotation": {"angle": 0, "axis": "y", "origin": [8, 8, 8]}, "faces": {"north": {"uv": [1, 13, 15, 14], "rotation": 180, "texture": "#back"}, "east": {"uv": [14, 13, 15, 15], "rotation": 90, "texture": "#back"}, "south": {"uv": [15, 14, 1, 15], "rotation": 180, "texture": "#back"}, "west": {"uv": [1, 15, 2, 13], "rotation": 90, "texture": "#back"}, "up": {"uv": [1, 13, 15, 15], "texture": "#back"}, "down": {"uv": [15, 13, 1, 15], "rotation": 180, "texture": "#back", "cullface": "down"}}}], "display": {"thirdperson_righthand": {"rotation": [96, 0, 0], "translation": [0, 2.5, 4.5], "scale": [0.36, 0.36, 0.36]}, "thirdperson_lefthand": {"rotation": [96, 0, 0], "translation": [0, 2.5, 4.5], "scale": [0.36, 0.36, 0.36]}, "firstperson_righthand": {"rotation": [69.5, 0, 74.5], "translation": [-1.37, 2.2, -2.12], "scale": [0.68, 0.68, 0.68]}, "firstperson_lefthand": {"rotation": [69.5, 0, 0], "translation": [1.63, 3.2, 3.63], "scale": [0.68, 0.68, 0.68]}, "ground": {"translation": [0, 3, 0], "scale": [0.25, 0.25, 0.25]}, "gui": {"rotation": [30, 225, 0], "scale": [0.625, 0.625, 0.625]}, "head": {"rotation": [0, 180, 0]}, "fixed": {"rotation": [-90, 0, 0], "translation": [0, 0, -8]}}}