{"parent": "block/door_bottom", "ambientocclusion": false, "textures": {"particle": "block/warped_door_bottom", "bottom": "block/warped_door_bottom"}, "elements": [{"from": [0, 0, 0], "to": [3, 16, 16], "faces": {"north": {"uv": [3, 0, 0, 16], "texture": "#bottom", "cullface": "north"}, "east": {"uv": [0, 0, 16, 16], "texture": "#bottom"}, "south": {"uv": [0, 0, 3, 16], "texture": "#bottom", "cullface": "south"}, "west": {"uv": [16, 0, 0, 16], "texture": "#bottom", "cullface": "west"}, "down": {"uv": [13, 16, 16, 0], "texture": "#bottom", "cullface": "down"}}}, {"from": [0, 6, 16], "to": [1, 7, 16.25], "faces": {"east": {"uv": [1, 9, 0, 10], "texture": "#bottom", "cullface": "south"}, "south": {"uv": [1, 9, 0, 10], "texture": "#bottom", "cullface": "south"}, "west": {"uv": [1, 9, 0, 10], "texture": "#bottom", "cullface": "south"}, "up": {"uv": [0, 10, 1, 9], "texture": "#bottom", "cullface": "south"}}}, {"from": [1, 7, 16], "to": [2, 8, 16.25], "faces": {"east": {"uv": [2, 8, 1, 9], "texture": "#bottom", "cullface": "south"}, "south": {"uv": [2, 8, 1, 9], "texture": "#bottom", "cullface": "south"}, "west": {"uv": [2, 8, 1, 9], "texture": "#bottom", "cullface": "south"}, "up": {"uv": [1, 9, 2, 8], "texture": "#bottom", "cullface": "south"}, "down": {"uv": [1, 9, 2, 8], "texture": "#bottom", "cullface": "south"}}}, {"from": [1.99, 8, 16], "to": [2.99, 9, 16.25], "faces": {"east": {"uv": [3, 7, 2, 8], "texture": "#bottom", "cullface": "south"}, "south": {"uv": [3, 7, 2, 8], "texture": "#bottom", "cullface": "south"}, "west": {"uv": [3, 7, 2, 8], "texture": "#bottom", "cullface": "south"}, "up": {"uv": [2, 8, 3, 7], "texture": "#bottom", "cullface": "south"}, "down": {"uv": [2, 8, 3, 7], "texture": "#bottom", "cullface": "south"}}}, {"from": [1.99, 15, 16], "to": [2.99, 16, 16.25], "faces": {"east": {"uv": [3, 0, 2, 1], "texture": "#bottom", "cullface": "south"}, "south": {"uv": [3, 0, 2, 1], "texture": "#bottom", "cullface": "south"}, "west": {"uv": [3, 0, 2, 1], "texture": "#bottom", "cullface": "south"}, "up": {"uv": [2, 1, 3, 0], "texture": "#bottom", "cullface": "up"}, "down": {"uv": [2, 1, 3, 0], "texture": "#bottom", "cullface": "south"}}}, {"from": [1, 14, 16], "to": [2, 15, 16.25], "faces": {"east": {"uv": [2, 1, 1, 2], "texture": "#bottom", "cullface": "south"}, "south": {"uv": [2, 1, 1, 2], "texture": "#bottom", "cullface": "south"}, "west": {"uv": [2, 1, 1, 2], "texture": "#bottom", "cullface": "south"}, "up": {"uv": [1, 2, 2, 1], "texture": "#bottom", "cullface": "south"}, "down": {"uv": [1, 2, 2, 1], "texture": "#bottom", "cullface": "south"}}}, {"from": [0, 12, 16], "to": [1.01, 14, 16.25], "faces": {"east": {"uv": [1, 2, 0, 4], "texture": "#bottom", "cullface": "south"}, "south": {"uv": [1, 2, 0, 4], "texture": "#bottom", "cullface": "south"}, "west": {"uv": [1, 2, 0, 4], "texture": "#bottom", "cullface": "south"}, "up": {"uv": [0, 4, 1, 2], "texture": "#bottom", "cullface": "south"}, "down": {"uv": [0, 4, 1, 2], "texture": "#bottom", "cullface": "south"}}}, {"from": [3, 6, 15], "to": [3.25, 7, 16], "rotation": {"angle": 0, "axis": "y", "origin": [-5, 8, 8]}, "faces": {"north": {"uv": [0, 9, 1, 10], "texture": "#bottom"}, "east": {"uv": [0, 9, 1, 10], "texture": "#bottom"}, "south": {"uv": [0, 9, 1, 10], "texture": "#bottom"}, "up": {"uv": [1, 10, 0, 9], "texture": "#bottom"}}}, {"from": [3, 7, 14], "to": [3.25, 8, 15], "rotation": {"angle": 0, "axis": "y", "origin": [-5, 8, 8]}, "faces": {"north": {"uv": [1, 8, 2, 9], "texture": "#bottom"}, "east": {"uv": [1, 8, 2, 9], "texture": "#bottom"}, "south": {"uv": [1, 8, 2, 9], "texture": "#bottom"}, "up": {"uv": [2, 9, 1, 8], "texture": "#bottom"}, "down": {"uv": [2, 9, 1, 8], "texture": "#bottom"}}}, {"from": [3, 8, 12], "to": [3.25, 9, 14], "rotation": {"angle": 0, "axis": "y", "origin": [-5, 8, 8]}, "faces": {"north": {"uv": [2, 7, 4, 8], "texture": "#bottom"}, "east": {"uv": [2, 7, 4, 8], "texture": "#bottom"}, "south": {"uv": [2, 7, 4, 8], "texture": "#bottom"}, "up": {"uv": [4, 8, 2, 7], "texture": "#bottom"}, "down": {"uv": [4, 8, 2, 7], "texture": "#bottom"}}}, {"from": [3, 5, 9], "to": [3.25, 6, 11], "rotation": {"angle": 0, "axis": "y", "origin": [-5, 8, 8]}, "faces": {"north": {"uv": [5, 10, 7, 11], "texture": "#bottom"}, "east": {"uv": [5, 10, 7, 11], "texture": "#bottom"}, "south": {"uv": [5, 10, 7, 11], "texture": "#bottom"}, "up": {"uv": [7, 11, 5, 10], "texture": "#bottom"}, "down": {"uv": [7, 11, 5, 10], "texture": "#bottom"}}}, {"from": [3, 4, 7], "to": [3.25, 5, 9], "rotation": {"angle": 0, "axis": "y", "origin": [-5, 8, 8]}, "faces": {"north": {"uv": [8, 11, 8.25, 12], "texture": "#bottom"}, "east": {"uv": [7, 11, 9, 12], "texture": "#bottom"}, "south": {"uv": [7, 11, 7.25, 12], "texture": "#bottom"}, "up": {"uv": [9, 11.25, 7, 11], "rotation": 90, "texture": "#bottom"}, "down": {"uv": [9, 12, 7, 11], "texture": "#bottom"}}}, {"from": [3, 2, 4], "to": [3.25, 3, 6], "rotation": {"angle": 0, "axis": "y", "origin": [-5, 8, 8]}, "faces": {"north": {"uv": [11, 13, 11.25, 14], "texture": "#bottom"}, "east": {"uv": [10, 13, 12, 14], "texture": "#bottom"}, "south": {"uv": [10, 13, 10.25, 14], "texture": "#bottom"}, "up": {"uv": [12, 14, 10, 13], "rotation": 90, "texture": "#bottom"}, "down": {"uv": [12, 14, 10, 13], "texture": "#bottom"}}}, {"from": [3, 5, 1], "to": [3.25, 6, 3], "rotation": {"angle": 0, "axis": "y", "origin": [-5, 8, 8]}, "faces": {"north": {"uv": [14, 10, 14.25, 11], "texture": "#bottom"}, "east": {"uv": [13, 10, 15, 11], "texture": "#bottom"}, "south": {"uv": [13, 10, 13.25, 11], "texture": "#bottom"}, "up": {"uv": [15, 11, 13, 10], "rotation": 90, "texture": "#bottom"}, "down": {"uv": [15, 11, 13, 10], "rotation": 270, "texture": "#bottom"}}}, {"from": [3, 9, 0.01], "to": [3.25, 10, 2.01], "rotation": {"angle": 0, "axis": "y", "origin": [-5, 8, 8]}, "faces": {"north": {"uv": [15, 6, 15.25, 7], "texture": "#bottom"}, "east": {"uv": [14, 6, 16, 7], "texture": "#bottom"}, "south": {"uv": [14, 6, 14.25, 7], "texture": "#bottom"}, "up": {"uv": [16, 7, 14, 6], "rotation": 90, "texture": "#bottom"}, "down": {"uv": [16, 7, 14, 6], "rotation": 270, "texture": "#bottom"}}}, {"from": [3, 10, 2], "to": [3.25, 11, 4], "rotation": {"angle": 0, "axis": "y", "origin": [-5, 8, 8]}, "faces": {"north": {"uv": [12, 5, 14, 6], "texture": "#bottom"}, "east": {"uv": [12, 5, 14, 6], "texture": "#bottom"}, "south": {"uv": [12, 5, 14, 6], "texture": "#bottom"}, "up": {"uv": [14, 6, 12, 5], "texture": "#bottom"}, "down": {"uv": [14, 6, 12, 5], "texture": "#bottom"}}}, {"from": [3, 6, 5], "to": [3.25, 9, 6], "rotation": {"angle": 0, "axis": "y", "origin": [-5, 8, 8]}, "faces": {"north": {"uv": [10, 7, 11, 10], "texture": "#bottom"}, "east": {"uv": [10, 7, 11, 10], "texture": "#bottom"}, "south": {"uv": [10, 7, 11, 10], "texture": "#bottom"}, "up": {"uv": [10.25, 8, 10, 7], "texture": "#bottom"}, "down": {"uv": [11, 10, 10, 9], "texture": "#bottom"}}}, {"from": [3, 6, 11], "to": [3.25, 8, 12], "rotation": {"angle": 0, "axis": "y", "origin": [-5, 8, 8]}, "faces": {"north": {"uv": [4, 8, 5, 10], "texture": "#bottom"}, "east": {"uv": [4, 8, 5, 10], "texture": "#bottom"}, "south": {"uv": [4, 8, 5, 10], "texture": "#bottom"}, "up": {"uv": [5, 10, 4, 8], "texture": "#bottom"}, "down": {"uv": [5, 10, 4, 8], "texture": "#bottom"}}}, {"from": [3, 3, 3], "to": [3.25, 5, 4], "rotation": {"angle": 0, "axis": "y", "origin": [-5, 8, 8]}, "faces": {"north": {"uv": [12, 11, 13, 13], "texture": "#bottom"}, "east": {"uv": [12, 11, 13, 13], "texture": "#bottom"}, "south": {"uv": [12, 11, 13, 13], "texture": "#bottom"}, "up": {"uv": [12.25, 12, 12, 11], "texture": "#bottom"}, "down": {"uv": [13, 13, 12, 12], "texture": "#bottom"}}}, {"from": [3, 9, 4], "to": [3.25, 10, 5], "rotation": {"angle": 0, "axis": "y", "origin": [-5, 8, 8]}, "faces": {"north": {"uv": [11, 6, 12, 7], "texture": "#bottom"}, "east": {"uv": [11, 6, 12, 7], "texture": "#bottom"}, "south": {"uv": [11, 6, 12, 7], "texture": "#bottom"}, "up": {"uv": [12, 7, 11, 6], "texture": "#bottom"}, "down": {"uv": [12, 7, 11, 6], "texture": "#bottom"}}}, {"from": [3, 4, 0.01], "to": [3.25, 5, 1.01], "rotation": {"angle": 0, "axis": "y", "origin": [-5, 8, 8]}, "faces": {"north": {"uv": [15, 11, 16, 12], "texture": "#bottom"}, "east": {"uv": [15, 11, 16, 12], "texture": "#bottom"}, "south": {"uv": [15, 11, 16, 12], "texture": "#bottom"}, "up": {"uv": [16, 12, 15, 11], "texture": "#bottom"}, "down": {"uv": [16, 12, 15, 11], "texture": "#bottom"}}}, {"from": [3, 5, 6], "to": [3.25, 6, 7], "rotation": {"angle": 0, "axis": "y", "origin": [-5, 8, 8]}, "faces": {"north": {"uv": [9, 10, 10, 11], "texture": "#bottom"}, "east": {"uv": [9, 10, 10, 11], "texture": "#bottom"}, "south": {"uv": [9, 10, 10, 11], "texture": "#bottom"}, "up": {"uv": [10, 11, 9, 10], "texture": "#bottom"}, "down": {"uv": [10, 11, 9, 10], "texture": "#bottom"}}}, {"from": [3, 1, 6], "to": [3.25, 2, 7], "rotation": {"angle": 0, "axis": "y", "origin": [-5, 8, 8]}, "faces": {"north": {"uv": [9, 14, 10, 15], "texture": "#bottom"}, "east": {"uv": [9, 14, 10, 15], "texture": "#bottom"}, "south": {"uv": [9, 14, 10, 15], "texture": "#bottom"}, "up": {"uv": [10, 15, 9, 14], "texture": "#bottom"}, "down": {"uv": [10, 15, 9, 14], "texture": "#bottom"}}}, {"from": [3, 15, 9], "to": [3.25, 16, 10], "rotation": {"angle": 0, "axis": "y", "origin": [-5, 8, 8]}, "faces": {"north": {"uv": [6, 0, 7, 1], "texture": "#bottom"}, "east": {"uv": [6, 0, 7, 1], "texture": "#bottom"}, "south": {"uv": [6, 0, 7, 1], "texture": "#bottom"}, "up": {"uv": [7, 1, 6, 0], "texture": "#bottom"}, "down": {"uv": [7, 1, 6, 0], "texture": "#bottom"}}}, {"from": [3, 14, 10], "to": [3.25, 15, 12], "rotation": {"angle": 0, "axis": "y", "origin": [-5, 8, 8]}, "faces": {"north": {"uv": [4, 1, 6, 2], "texture": "#bottom"}, "east": {"uv": [4, 1, 6, 2], "texture": "#bottom"}, "south": {"uv": [4, 1, 6, 2], "texture": "#bottom"}, "up": {"uv": [6, 2, 4, 1], "texture": "#bottom"}, "down": {"uv": [6, 2, 4, 1], "texture": "#bottom"}}}, {"from": [3, 15, 12], "to": [3.25, 16, 14], "rotation": {"angle": 0, "axis": "y", "origin": [-5, 8, 8]}, "faces": {"north": {"uv": [3, 0, 3.25, 1], "texture": "#bottom"}, "east": {"uv": [2, 0, 4, 1], "texture": "#bottom"}, "south": {"uv": [2, 0, 2.25, 1], "texture": "#bottom"}, "up": {"uv": [4, 0.25, 2, 0], "rotation": 90, "texture": "#bottom"}, "down": {"uv": [4, 1, 2, 0], "rotation": 270, "texture": "#bottom"}}}, {"from": [3, 14, 14], "to": [3.25, 15, 15], "rotation": {"angle": 0, "axis": "y", "origin": [-5, 8, 8]}, "faces": {"north": {"uv": [1, 1, 2, 2], "texture": "#bottom"}, "east": {"uv": [1, 1, 2, 2], "texture": "#bottom"}, "south": {"uv": [1, 1, 2, 2], "texture": "#bottom"}, "up": {"uv": [2, 2, 1, 1], "texture": "#bottom"}, "down": {"uv": [2, 2, 1, 1], "texture": "#bottom"}}}, {"from": [3, 12, 15], "to": [3.25, 14, 16], "rotation": {"angle": 0, "axis": "y", "origin": [-5, 8, 8]}, "faces": {"north": {"uv": [0, 2, 1, 4], "texture": "#bottom"}, "east": {"uv": [0, 2, 1, 4], "texture": "#bottom"}, "south": {"uv": [0, 2, 1, 4], "texture": "#bottom"}, "up": {"uv": [1, 4, 0, 2], "texture": "#bottom"}, "down": {"uv": [1, 4, 0, 2], "texture": "#bottom"}}}, {"from": [0.01, 6, -0.25], "to": [1.01, 7, 0], "faces": {"north": {"uv": [0, 9, 1, 10], "texture": "#bottom", "cullface": "north"}, "east": {"uv": [0, 9, 1, 10], "texture": "#bottom", "cullface": "north"}, "west": {"uv": [0, 9, 1, 10], "texture": "#bottom", "cullface": "north"}, "up": {"uv": [0, 9, 1, 10], "texture": "#bottom", "cullface": "north"}, "down": {"uv": [0, 9, 1, 10], "texture": "#bottom", "cullface": "north"}}}, {"from": [1, 7, -0.25], "to": [2, 8, 0], "faces": {"north": {"uv": [1, 8, 2, 9], "texture": "#bottom", "cullface": "north"}, "east": {"uv": [1, 8, 2, 9], "texture": "#bottom", "cullface": "north"}, "west": {"uv": [1, 8, 2, 9], "texture": "#bottom", "cullface": "north"}, "up": {"uv": [1, 8, 2, 9], "texture": "#bottom", "cullface": "north"}, "down": {"uv": [1, 8, 2, 9], "texture": "#bottom", "cullface": "north"}}}, {"from": [1.99, 8, -0.25], "to": [2.99, 9, 0], "faces": {"north": {"uv": [2, 7, 3, 8], "texture": "#bottom", "cullface": "north"}, "east": {"uv": [2, 7, 3, 8], "texture": "#bottom", "cullface": "north"}, "west": {"uv": [2, 7, 3, 8], "texture": "#bottom", "cullface": "north"}, "up": {"uv": [2, 7, 3, 8], "texture": "#bottom", "cullface": "north"}, "down": {"uv": [2, 7, 3, 8], "texture": "#bottom", "cullface": "north"}}}, {"from": [1.99, 15, -0.25], "to": [2.99, 16, 0], "faces": {"north": {"uv": [2, 0, 3, 1], "texture": "#bottom", "cullface": "north"}, "east": {"uv": [2, 0, 3, 1], "texture": "#bottom", "cullface": "north"}, "west": {"uv": [2, 0, 3, 1], "texture": "#bottom", "cullface": "north"}, "up": {"uv": [2, 0, 3, 1], "texture": "#bottom", "cullface": "north"}, "down": {"uv": [2, 0, 3, 1], "texture": "#bottom", "cullface": "north"}}}, {"from": [1, 14, -0.25], "to": [2, 15, 0], "faces": {"north": {"uv": [1, 1, 2, 2], "texture": "#bottom", "cullface": "north"}, "east": {"uv": [1, 1, 2, 2], "texture": "#bottom", "cullface": "north"}, "west": {"uv": [1, 1, 2, 2], "texture": "#bottom", "cullface": "north"}, "up": {"uv": [1, 1, 2, 2], "texture": "#bottom", "cullface": "north"}, "down": {"uv": [1, 1, 2, 2], "texture": "#bottom", "cullface": "north"}}}, {"from": [0.01, 12, -0.25], "to": [1.01, 14, 0], "faces": {"north": {"uv": [0, 2, 1, 4], "texture": "#bottom", "cullface": "north"}, "east": {"uv": [0, 2, 1, 4], "texture": "#bottom", "cullface": "north"}, "west": {"uv": [0, 2, 1, 4], "texture": "#bottom", "cullface": "north"}, "up": {"uv": [0, 2, 1, 4], "texture": "#bottom", "cullface": "north"}, "down": {"uv": [0, 2, 1, 4], "texture": "#bottom", "cullface": "north"}}}, {"from": [-0.25, 6, 15], "to": [0, 7, 16], "faces": {"north": {"uv": [1, 9, 0, 10], "texture": "#bottom", "cullface": "west"}, "south": {"uv": [1, 9, 0, 10], "texture": "#bottom", "cullface": "west"}, "west": {"uv": [1, 9, 0, 10], "texture": "#bottom", "cullface": "west"}, "up": {"uv": [0, 10, 1, 9], "texture": "#bottom", "cullface": "west"}}}, {"from": [-0.25, 7, 14], "to": [0, 8, 15], "faces": {"north": {"uv": [2, 8, 1, 9], "texture": "#bottom", "cullface": "west"}, "south": {"uv": [2, 8, 1, 9], "texture": "#bottom", "cullface": "west"}, "west": {"uv": [2, 8, 1, 9], "texture": "#bottom", "cullface": "west"}, "up": {"uv": [1, 9, 2, 8], "texture": "#bottom", "cullface": "west"}, "down": {"uv": [1, 9, 2, 8], "texture": "#bottom", "cullface": "west"}}}, {"from": [-0.25, 8, 12], "to": [0, 9, 14], "faces": {"north": {"uv": [4, 7, 2, 8], "texture": "#bottom", "cullface": "west"}, "south": {"uv": [4, 7, 2, 8], "texture": "#bottom", "cullface": "west"}, "west": {"uv": [4, 7, 2, 8], "texture": "#bottom", "cullface": "west"}, "up": {"uv": [2, 8, 4, 7], "texture": "#bottom", "cullface": "west"}, "down": {"uv": [2, 8, 4, 7], "texture": "#bottom", "cullface": "west"}}}, {"from": [-0.25, 5, 9], "to": [0, 6, 11], "faces": {"north": {"uv": [7, 10, 5, 11], "texture": "#bottom", "cullface": "west"}, "south": {"uv": [7, 10, 5, 11], "texture": "#bottom", "cullface": "west"}, "west": {"uv": [7, 10, 5, 11], "texture": "#bottom", "cullface": "west"}, "up": {"uv": [5, 11, 7, 10], "texture": "#bottom", "cullface": "west"}, "down": {"uv": [5, 11, 7, 10], "texture": "#bottom", "cullface": "west"}}}, {"from": [-0.25, 4, 7], "to": [0, 5, 9], "faces": {"north": {"uv": [8.25, 11, 8, 12], "texture": "#bottom", "cullface": "west"}, "south": {"uv": [7.25, 11, 7, 12], "texture": "#bottom", "cullface": "west"}, "west": {"uv": [9, 11, 7, 12], "texture": "#bottom", "cullface": "west"}, "up": {"uv": [9, 11, 7, 11.25], "rotation": 90, "texture": "#bottom", "cullface": "west"}, "down": {"uv": [7, 12, 9, 11], "texture": "#bottom", "cullface": "west"}}}, {"from": [-0.25, 2, 4], "to": [0, 3, 6], "faces": {"north": {"uv": [11.25, 13, 11, 14], "texture": "#bottom", "cullface": "west"}, "south": {"uv": [10.25, 13, 10, 14], "texture": "#bottom", "cullface": "west"}, "west": {"uv": [12, 13, 10, 14], "texture": "#bottom", "cullface": "west"}, "up": {"uv": [12, 13, 10, 14], "rotation": 90, "texture": "#bottom", "cullface": "west"}, "down": {"uv": [10, 14, 12, 13], "texture": "#bottom", "cullface": "west"}}}, {"from": [-0.25, 5, 1], "to": [0, 6, 3], "faces": {"north": {"uv": [14.25, 10, 14, 11], "texture": "#bottom", "cullface": "west"}, "south": {"uv": [13.25, 10, 13, 11], "texture": "#bottom", "cullface": "west"}, "west": {"uv": [15, 10, 13, 11], "texture": "#bottom", "cullface": "west"}, "up": {"uv": [15, 10, 13, 11], "rotation": 90, "texture": "#bottom", "cullface": "west"}, "down": {"uv": [15, 10, 13, 11], "rotation": 270, "texture": "#bottom", "cullface": "west"}}}, {"from": [-0.25, 9, 0.01], "to": [0, 10, 2.01], "faces": {"north": {"uv": [15.25, 6, 15, 7], "texture": "#bottom", "cullface": "west"}, "south": {"uv": [14.25, 6, 14, 7], "texture": "#bottom", "cullface": "west"}, "west": {"uv": [16, 6, 14, 7], "texture": "#bottom", "cullface": "west"}, "up": {"uv": [16, 6, 14, 7], "rotation": 90, "texture": "#bottom", "cullface": "west"}, "down": {"uv": [16, 6, 14, 7], "rotation": 270, "texture": "#bottom", "cullface": "west"}}}, {"from": [-0.25, 10, 2], "to": [0, 11, 4], "faces": {"north": {"uv": [14, 5, 12, 6], "texture": "#bottom", "cullface": "west"}, "south": {"uv": [14, 5, 12, 6], "texture": "#bottom", "cullface": "west"}, "west": {"uv": [14, 5, 12, 6], "texture": "#bottom", "cullface": "west"}, "up": {"uv": [12, 6, 14, 5], "texture": "#bottom", "cullface": "west"}, "down": {"uv": [12, 6, 14, 5], "texture": "#bottom", "cullface": "west"}}}, {"from": [-0.25, 6, 5], "to": [0, 9, 6], "faces": {"north": {"uv": [11, 7, 10, 10], "texture": "#bottom", "cullface": "west"}, "south": {"uv": [11, 7, 10, 10], "texture": "#bottom", "cullface": "west"}, "west": {"uv": [11, 7, 10, 10], "texture": "#bottom", "cullface": "west"}, "up": {"uv": [10, 8, 10.25, 7], "texture": "#bottom", "cullface": "west"}, "down": {"uv": [10, 10, 11, 9], "texture": "#bottom", "cullface": "west"}}}, {"from": [-0.25, 6, 11], "to": [0, 8, 12], "faces": {"north": {"uv": [5, 8, 4, 10], "texture": "#bottom", "cullface": "west"}, "south": {"uv": [5, 8, 4, 10], "texture": "#bottom", "cullface": "west"}, "west": {"uv": [5, 8, 4, 10], "texture": "#bottom", "cullface": "west"}, "up": {"uv": [4, 10, 5, 8], "texture": "#bottom", "cullface": "west"}, "down": {"uv": [4, 10, 5, 8], "texture": "#bottom", "cullface": "west"}}}, {"from": [-0.25, 3, 3], "to": [0, 5, 4], "faces": {"north": {"uv": [13, 11, 12, 13], "texture": "#bottom", "cullface": "west"}, "south": {"uv": [13, 11, 12, 13], "texture": "#bottom", "cullface": "west"}, "west": {"uv": [13, 11, 12, 13], "texture": "#bottom", "cullface": "west"}, "up": {"uv": [12, 12, 12.25, 11], "texture": "#bottom", "cullface": "west"}, "down": {"uv": [12, 13, 13, 12], "texture": "#bottom", "cullface": "west"}}}, {"from": [-0.25, 9, 4], "to": [0, 10, 5], "faces": {"north": {"uv": [12, 6, 11, 7], "texture": "#bottom", "cullface": "west"}, "south": {"uv": [12, 6, 11, 7], "texture": "#bottom", "cullface": "west"}, "west": {"uv": [12, 6, 11, 7], "texture": "#bottom", "cullface": "west"}, "up": {"uv": [11, 7, 12, 6], "texture": "#bottom", "cullface": "west"}, "down": {"uv": [11, 7, 12, 6], "texture": "#bottom", "cullface": "west"}}}, {"from": [-0.25, 4, 0.01], "to": [0, 5, 1.01], "faces": {"north": {"uv": [16, 11, 15, 12], "texture": "#bottom", "cullface": "west"}, "south": {"uv": [16, 11, 15, 12], "texture": "#bottom", "cullface": "west"}, "west": {"uv": [16, 11, 15, 12], "texture": "#bottom", "cullface": "west"}, "up": {"uv": [15, 12, 16, 11], "texture": "#bottom", "cullface": "west"}, "down": {"uv": [15, 12, 16, 11], "texture": "#bottom", "cullface": "west"}}}, {"from": [-0.25, 5, 6], "to": [0, 6, 7], "faces": {"north": {"uv": [10, 10, 9, 11], "texture": "#bottom", "cullface": "west"}, "south": {"uv": [10, 10, 9, 11], "texture": "#bottom", "cullface": "west"}, "west": {"uv": [10, 10, 9, 11], "texture": "#bottom", "cullface": "west"}, "up": {"uv": [9, 11, 10, 10], "texture": "#bottom", "cullface": "west"}, "down": {"uv": [9, 11, 10, 10], "texture": "#bottom", "cullface": "west"}}}, {"from": [-0.25, 1, 6], "to": [0, 2, 7], "faces": {"north": {"uv": [10, 14, 9, 15], "texture": "#bottom", "cullface": "west"}, "south": {"uv": [10, 14, 9, 15], "texture": "#bottom", "cullface": "west"}, "west": {"uv": [10, 14, 9, 15], "texture": "#bottom", "cullface": "west"}, "up": {"uv": [9, 15, 10, 14], "texture": "#bottom", "cullface": "west"}, "down": {"uv": [9, 15, 10, 14], "texture": "#bottom", "cullface": "west"}}}, {"from": [-0.25, 15, 9], "to": [0, 16, 10], "faces": {"north": {"uv": [7, 0, 6, 1], "texture": "#bottom", "cullface": "west"}, "south": {"uv": [7, 0, 6, 1], "texture": "#bottom", "cullface": "west"}, "west": {"uv": [7, 0, 6, 1], "texture": "#bottom", "cullface": "west"}, "up": {"uv": [6, 1, 7, 0], "texture": "#bottom", "cullface": "west"}, "down": {"uv": [6, 1, 7, 0], "texture": "#bottom", "cullface": "west"}}}, {"from": [-0.25, 14, 10], "to": [0, 15, 12], "faces": {"north": {"uv": [6, 1, 4, 2], "texture": "#bottom", "cullface": "west"}, "south": {"uv": [6, 1, 4, 2], "texture": "#bottom", "cullface": "west"}, "west": {"uv": [6, 1, 4, 2], "texture": "#bottom", "cullface": "west"}, "up": {"uv": [4, 2, 6, 1], "texture": "#bottom", "cullface": "west"}, "down": {"uv": [4, 2, 6, 1], "texture": "#bottom", "cullface": "west"}}}, {"from": [-0.25, 15, 12], "to": [0, 16, 14], "faces": {"north": {"uv": [3.25, 0, 3, 1], "texture": "#bottom", "cullface": "west"}, "south": {"uv": [2.25, 0, 2, 1], "texture": "#bottom", "cullface": "west"}, "west": {"uv": [4, 0, 2, 1], "texture": "#bottom", "cullface": "west"}, "up": {"uv": [4, 0, 2, 0.25], "rotation": 90, "texture": "#bottom", "cullface": "west"}, "down": {"uv": [4, 0, 2, 1], "rotation": 270, "texture": "#bottom", "cullface": "west"}}}, {"from": [-0.25, 14, 14], "to": [0, 15, 15], "faces": {"north": {"uv": [2, 1, 1, 2], "texture": "#bottom", "cullface": "west"}, "south": {"uv": [2, 1, 1, 2], "texture": "#bottom", "cullface": "west"}, "west": {"uv": [2, 1, 1, 2], "texture": "#bottom", "cullface": "west"}, "up": {"uv": [1, 2, 2, 1], "texture": "#bottom", "cullface": "west"}, "down": {"uv": [1, 2, 2, 1], "texture": "#bottom", "cullface": "west"}}}, {"from": [-0.25, 12, 15], "to": [0, 14, 16], "faces": {"north": {"uv": [1, 2, 0, 4], "texture": "#bottom", "cullface": "west"}, "south": {"uv": [1, 2, 0, 4], "texture": "#bottom", "cullface": "west"}, "west": {"uv": [1, 2, 0, 4], "texture": "#bottom", "cullface": "west"}, "up": {"uv": [0, 4, 1, 2], "texture": "#bottom", "cullface": "west"}, "down": {"uv": [0, 4, 1, 2], "texture": "#bottom", "cullface": "west"}}}, {"from": [0.02, 4, -0.25], "to": [1.02, 6, 0], "faces": {"north": {"uv": [1, 10, 0, 12], "texture": "#bottom", "cullface": "north"}, "east": {"uv": [1, 10, 0, 12], "texture": "#bottom", "cullface": "north"}, "west": {"uv": [1, 10, 0, 12], "texture": "#bottom", "cullface": "north"}, "up": {"uv": [0, 11, 1, 10], "rotation": 90, "texture": "#bottom", "cullface": "north"}, "down": {"uv": [0, 12, 1, 11], "rotation": 270, "texture": "#bottom", "cullface": "north"}}}, {"from": [0.02, 15, -0.25], "to": [1.02, 16, 0], "faces": {"north": {"uv": [1, 0, 0, 1], "texture": "#bottom", "cullface": "north"}, "east": {"uv": [1, 0, 0, 1], "texture": "#bottom", "cullface": "north"}, "west": {"uv": [1, 0, 0, 1], "texture": "#bottom", "cullface": "north"}, "up": {"uv": [0, 1, 1, 0], "rotation": 90, "texture": "#bottom", "cullface": "north"}, "down": {"uv": [0, 1, 1, 0], "rotation": 270, "texture": "#bottom", "cullface": "north"}}}, {"from": [-0.25, 4, 15], "to": [0, 6, 16], "faces": {"north": {"uv": [1, 10, 0, 12], "texture": "#bottom", "cullface": "west"}, "south": {"uv": [1, 10, 0, 12], "texture": "#bottom", "cullface": "west"}, "west": {"uv": [1, 10, 0, 12], "texture": "#bottom", "cullface": "west"}, "down": {"uv": [0, 12, 1, 11], "texture": "#bottom", "cullface": "west"}}}, {"from": [-0.25, 15, 15], "to": [0, 16, 16], "faces": {"north": {"uv": [1, 0, 0, 1], "texture": "#bottom", "cullface": "west"}, "south": {"uv": [1, 0, 0, 1], "texture": "#bottom", "cullface": "west"}, "west": {"uv": [1, 0, 0, 1], "texture": "#bottom", "cullface": "west"}, "up": {"uv": [0, 1, 1, 0], "texture": "#bottom", "cullface": "west"}, "down": {"uv": [0, 1, 1, 0], "texture": "#bottom", "cullface": "west"}}}, {"from": [0.02, 4, 16], "to": [1.02, 6, 16.25], "faces": {"east": {"uv": [0, 10, 1, 12], "texture": "#bottom", "cullface": "south"}, "south": {"uv": [0, 10, 1, 12], "texture": "#bottom", "cullface": "south"}, "west": {"uv": [0, 10, 1, 12], "texture": "#bottom", "cullface": "south"}, "down": {"uv": [1, 12, 0, 11], "rotation": 270, "texture": "#bottom", "cullface": "south"}}}, {"from": [0.02, 15, 16], "to": [1.02, 16, 16.25], "faces": {"east": {"uv": [0, 0, 1, 1], "texture": "#bottom", "cullface": "south"}, "south": {"uv": [0, 0, 1, 1], "texture": "#bottom", "cullface": "south"}, "west": {"uv": [0, 0, 1, 1], "texture": "#bottom", "cullface": "south"}, "up": {"uv": [1, 1, 0, 0], "rotation": 90, "texture": "#bottom", "cullface": "south"}, "down": {"uv": [1, 1, 0, 0], "rotation": 270, "texture": "#bottom", "cullface": "south"}}}, {"from": [3, 4, 15], "to": [3.25, 6, 16], "rotation": {"angle": 0, "axis": "y", "origin": [-5, 8, 8]}, "faces": {"north": {"uv": [0, 10, 1, 12], "texture": "#bottom"}, "east": {"uv": [0, 10, 1, 12], "texture": "#bottom"}, "south": {"uv": [0, 10, 1, 12], "texture": "#bottom"}, "down": {"uv": [1, 12, 0, 11], "texture": "#bottom"}}}, {"from": [3, 15, 15], "to": [3.25, 16, 16], "rotation": {"angle": 0, "axis": "y", "origin": [-5, 8, 8]}, "faces": {"north": {"uv": [0, 0, 1, 1], "texture": "#bottom"}, "east": {"uv": [0, 0, 1, 1], "texture": "#bottom"}, "south": {"uv": [0, 0, 1, 1], "texture": "#bottom"}, "up": {"uv": [1, 1, 0, 0], "texture": "#bottom"}, "down": {"uv": [1, 1, 0, 0], "texture": "#bottom"}}}], "groups": [0, {"name": "north", "origin": [8, 8, 8], "color": 0, "children": [1, 2, 3, 4, 5, 6]}, {"name": "east", "origin": [8, 8, 8], "color": 0, "children": [7, 8, 9, 10, 11, 12, 13, 14, 15, 16, 17, 18, 19, 20, 21, 22, 23, 24, 25, 26, 27]}, {"name": "south", "origin": [8, 8, 8], "color": 0, "children": [28, 29, 30, 31, 32, 33]}, {"name": "west", "origin": [8, 8, 8], "color": 0, "children": [34, 35, 36, 37, 38, 39, 40, 41, 42, 43, 44, 45, 46, 47, 48, 49, 50, 51, 52, 53, 54]}, {"name": "door_hinges_bottom_hinge", "origin": [8, 8, 8], "color": 0, "children": [{"name": "north", "origin": [8, 8, 8], "color": 0, "children": [55, 56]}, {"name": "west", "origin": [8, 8, 8], "color": 0, "children": [57, 58]}, {"name": "south", "origin": [8, 8, 8], "color": 0, "children": [59, 60]}, {"name": "east", "origin": [8, 8, 8], "color": 0, "children": [61, 62]}]}]}