{"parent": "block/door_bottom", "ambientocclusion": false, "textures": {"particle": "block/warped_door_bottom", "bottom": "block/warped_door_bottom", "top": "block/warped_door_top"}, "elements": [{"from": [0, 0, 0], "to": [3, 16, 16], "faces": {"north": {"uv": [3, 0, 0, 16], "texture": "#top", "cullface": "north"}, "east": {"uv": [0, 0, 16, 16], "texture": "#top"}, "south": {"uv": [0, 0, 3, 16], "texture": "#top", "cullface": "south"}, "west": {"uv": [16, 0, 0, 16], "texture": "#top", "cullface": "west"}, "up": {"uv": [13, 16, 16, 0], "texture": "#bottom", "cullface": "up"}}}, {"from": [0, 8, 15.75], "to": [3, 9, 16.25], "faces": {"east": {"uv": [0.5, 7, 0, 8], "texture": "#top", "cullface": "south"}, "south": {"uv": [3, 7, 0, 8], "texture": "#top", "cullface": "south"}, "west": {"uv": [2.5, 7, 2, 8], "texture": "#top", "cullface": "south"}, "up": {"uv": [0, 8, 3, 7], "rotation": 180, "texture": "#top", "cullface": "south"}, "down": {"uv": [0, 8, 3, 7], "rotation": 180, "texture": "#top", "cullface": "south"}}}, {"from": [0.01, 13, 15.75], "to": [2.99, 14, 16.25], "faces": {"east": {"uv": [2.5, 2, 2, 3], "texture": "#top", "cullface": "south"}, "south": {"uv": [3, 2, 0, 3], "texture": "#top", "cullface": "south"}, "west": {"uv": [0.5, 2, 0, 3], "texture": "#top", "cullface": "south"}, "up": {"uv": [0, 3, 3, 2], "rotation": 180, "texture": "#top", "cullface": "south"}, "down": {"uv": [0, 3, 3, 2], "rotation": 180, "texture": "#top", "cullface": "south"}}}, {"from": [3, 0.01, 2], "to": [3.25, 2.01, 5], "rotation": {"angle": 0, "axis": "y", "origin": [-5, 8, 8]}, "faces": {"north": {"uv": [13, 14, 13.25, 16], "texture": "#top"}, "east": {"uv": [11, 14, 14, 16], "texture": "#top"}, "south": {"uv": [11, 14, 11.25, 16], "texture": "#top"}, "up": {"uv": [14, 15, 11, 14], "rotation": 90, "texture": "#top"}, "down": {"uv": [14, 16, 11, 15], "rotation": 270, "texture": "#top"}}}, {"from": [3, 1, 1], "to": [3.25, 2, 2], "rotation": {"angle": 0, "axis": "y", "origin": [-5, 8, 8]}, "faces": {"north": {"uv": [14, 14, 14.25, 15], "texture": "#top"}, "east": {"uv": [14, 14, 15, 15], "texture": "#top"}, "up": {"uv": [15, 15, 14, 14], "rotation": 90, "texture": "#top"}, "down": {"uv": [15, 15, 14, 14], "rotation": 270, "texture": "#top"}}}, {"from": [3, 4, 1], "to": [3.25, 5, 2], "rotation": {"angle": 0, "axis": "y", "origin": [-5, 8, 8]}, "faces": {"north": {"uv": [14, 11, 15, 12], "texture": "#top"}, "east": {"uv": [14, 11, 15, 12], "texture": "#top"}, "south": {"uv": [14, 11, 15, 12], "texture": "#top"}, "up": {"uv": [15, 12, 14, 11], "rotation": 90, "texture": "#top"}, "down": {"uv": [15, 12, 14, 11], "rotation": 270, "texture": "#top"}}}, {"from": [3, 5, 0.01], "to": [3.25, 6, 1.01], "rotation": {"angle": 0, "axis": "y", "origin": [-5, 8, 8]}, "faces": {"north": {"uv": [15, 10, 16, 11], "texture": "#top"}, "east": {"uv": [15, 10, 16, 11], "texture": "#top"}, "south": {"uv": [15, 10, 16, 11], "texture": "#top"}, "up": {"uv": [16, 11, 15, 10], "rotation": 90, "texture": "#top"}, "down": {"uv": [16, 11, 15, 10], "rotation": 270, "texture": "#top"}}}, {"from": [3, 8, 0.01], "to": [3.25, 9, 1.01], "rotation": {"angle": 0, "axis": "y", "origin": [-5, 8, 8]}, "faces": {"north": {"uv": [15, 7, 16, 8], "texture": "#top"}, "east": {"uv": [15, 7, 16, 8], "texture": "#top"}, "south": {"uv": [15, 7, 16, 8], "texture": "#top"}, "up": {"uv": [16, 8, 15, 7], "texture": "#top"}, "down": {"uv": [16, 8, 15, 7], "texture": "#top"}}}, {"from": [3, 6, 3], "to": [3.25, 7, 4], "rotation": {"angle": 0, "axis": "y", "origin": [-5, 8, 8]}, "faces": {"north": {"uv": [12, 9, 13, 10], "texture": "#top"}, "east": {"uv": [12, 9, 13, 10], "texture": "#top"}, "south": {"uv": [12, 9, 13, 10], "texture": "#top"}, "up": {"uv": [13, 10, 12, 9], "rotation": 90, "texture": "#top"}, "down": {"uv": [13, 10, 12, 9], "rotation": 270, "texture": "#top"}}}, {"from": [3, 9, 12], "to": [3.25, 10, 13], "rotation": {"angle": 0, "axis": "y", "origin": [-5, 8, 8]}, "faces": {"north": {"uv": [3, 6, 4, 7], "texture": "#top"}, "east": {"uv": [3, 6, 4, 7], "texture": "#top"}, "south": {"uv": [3, 6, 4, 7], "texture": "#top"}, "up": {"uv": [4, 7, 3, 6], "rotation": 90, "texture": "#top"}, "down": {"uv": [4, 7, 3, 6], "rotation": 270, "texture": "#top"}}}, {"from": [3, 4, 4], "to": [3.25, 5, 5], "rotation": {"angle": 0, "axis": "y", "origin": [-5, 8, 8]}, "faces": {"north": {"uv": [11, 11, 12, 12], "texture": "#top"}, "east": {"uv": [11, 11, 12, 12], "texture": "#top"}, "south": {"uv": [11, 11, 12, 12], "texture": "#top"}, "up": {"uv": [12, 12, 11, 11], "rotation": 90, "texture": "#top"}, "down": {"uv": [12, 12, 11, 11], "rotation": 270, "texture": "#top"}}}, {"from": [3, 14, 3], "to": [3.25, 15, 4], "rotation": {"angle": 0, "axis": "y", "origin": [-5, 8, 8]}, "faces": {"north": {"uv": [12, 1, 13, 2], "texture": "#top"}, "east": {"uv": [12, 1, 13, 2], "texture": "#top"}, "south": {"uv": [12, 1, 13, 2], "texture": "#top"}, "up": {"uv": [13, 2, 12, 1], "texture": "#top"}, "down": {"uv": [13, 2, 12, 1], "texture": "#top"}}}, {"from": [3, 13, 8], "to": [3.25, 14, 9], "rotation": {"angle": 0, "axis": "y", "origin": [-5, 8, 8]}, "faces": {"north": {"uv": [7, 2, 8, 3], "texture": "#top"}, "east": {"uv": [7, 2, 8, 3], "texture": "#top"}, "south": {"uv": [7, 2, 8, 3], "texture": "#top"}, "up": {"uv": [8, 3, 7, 2], "texture": "#top"}, "down": {"uv": [8, 3, 7, 2], "texture": "#top"}}}, {"from": [3, 14, 7], "to": [3.25, 15, 8], "rotation": {"angle": 0, "axis": "y", "origin": [-5, 8, 8]}, "faces": {"north": {"uv": [0, 0, 1, 1], "texture": "#top"}, "east": {"uv": [0, 0, 1, 1], "texture": "#top"}, "south": {"uv": [0, 0, 1, 1], "texture": "#top"}, "up": {"uv": [1, 1, 0, 0], "texture": "#top"}, "down": {"uv": [1, 1, 0, 0], "texture": "#top"}}}, {"from": [3, 14.99, 4], "to": [3.25, 15.99, 7], "rotation": {"angle": 0, "axis": "y", "origin": [-5, 8, 8]}, "faces": {"north": {"uv": [9, 0, 12, 1], "texture": "#top"}, "east": {"uv": [9, 0, 12, 1], "texture": "#top"}, "south": {"uv": [9, 0, 12, 1], "texture": "#top"}, "up": {"uv": [9, 0, 12, 1], "rotation": 90, "texture": "#top"}, "down": {"uv": [9, 0, 12, 1], "rotation": 270, "texture": "#top"}}}, {"from": [3, 13, 0.01], "to": [3.25, 14, 3.01], "rotation": {"angle": 0, "axis": "y", "origin": [-5, 8, 8]}, "faces": {"north": {"uv": [15, 2, 15.25, 3], "texture": "#top"}, "east": {"uv": [13, 2, 16, 3], "texture": "#top"}, "south": {"uv": [13, 2, 16, 3], "texture": "#top"}, "up": {"uv": [13, 2, 16, 3], "rotation": 270, "texture": "#top"}, "down": {"uv": [13, 2, 16, 3], "rotation": 90, "texture": "#top"}}}, {"from": [3, 13, 13], "to": [3.25, 14, 16], "rotation": {"angle": 0, "axis": "y", "origin": [-5, 8, 8]}, "faces": {"north": {"uv": [0, 2, 3, 3], "texture": "#top", "cullface": "north"}, "east": {"uv": [0, 2, 3, 3], "texture": "#top"}, "south": {"uv": [0, 2, 1, 3], "texture": "#top", "cullface": "north"}, "up": {"uv": [3, 3, 0, 2], "rotation": 90, "texture": "#top"}, "down": {"uv": [3, 3, 0, 2], "rotation": 270, "texture": "#top"}}}, {"from": [3, 12, 9], "to": [3.25, 13, 13], "rotation": {"angle": 0, "axis": "y", "origin": [-5, 8, 8]}, "faces": {"north": {"uv": [3, 3, 7, 4], "texture": "#top"}, "east": {"uv": [3, 3, 7, 4], "texture": "#top"}, "south": {"uv": [3, 3, 3.25, 4], "texture": "#top"}, "up": {"uv": [7, 4, 3, 3], "rotation": 90, "texture": "#top"}, "down": {"uv": [7, 4, 3, 3], "rotation": 270, "texture": "#top"}}}, {"from": [3, 10, 11], "to": [3.25, 12, 12], "rotation": {"angle": 0, "axis": "y", "origin": [-5, 8, 8]}, "faces": {"north": {"uv": [4, 4, 5, 6], "texture": "#top"}, "east": {"uv": [4, 4, 5, 6], "texture": "#top"}, "south": {"uv": [4, 4, 5, 6], "texture": "#top"}, "down": {"uv": [5, 5, 4, 4], "rotation": 270, "texture": "#top"}}}, {"from": [3, 8, 13], "to": [3.25, 9, 16], "rotation": {"angle": 0, "axis": "y", "origin": [-5, 8, 8]}, "faces": {"north": {"uv": [0, 7, 3, 8], "texture": "#top", "cullface": "north"}, "east": {"uv": [0, 7, 3, 8], "texture": "#top"}, "south": {"uv": [0, 7, 1, 8], "texture": "#top", "cullface": "north"}, "up": {"uv": [3, 8, 0, 7], "rotation": 90, "texture": "#top"}, "down": {"uv": [3, 8, 0, 7], "rotation": 270, "texture": "#top"}}}, {"from": [3, 3, 2], "to": [3.25, 4, 4], "rotation": {"angle": 0, "axis": "y", "origin": [-5, 8, 8]}, "faces": {"north": {"uv": [12, 12, 14, 13], "texture": "#top"}, "east": {"uv": [12, 12, 14, 13], "texture": "#top"}, "south": {"uv": [12, 12, 14, 13], "texture": "#top"}, "up": {"uv": [14, 13, 12, 12], "rotation": 90, "texture": "#top"}, "down": {"uv": [14, 13, 12, 12], "rotation": 270, "texture": "#top"}}}, {"from": [3, 7, 1], "to": [3.25, 8, 3], "rotation": {"angle": 0, "axis": "y", "origin": [-5, 8, 8]}, "faces": {"north": {"uv": [13, 8, 15, 9], "texture": "#top"}, "east": {"uv": [13, 8, 15, 9], "texture": "#top"}, "south": {"uv": [13, 8, 15, 9], "texture": "#top"}, "up": {"uv": [15, 9, 13, 8], "rotation": 90, "texture": "#top"}, "down": {"uv": [15, 9, 13, 8], "rotation": 270, "texture": "#top"}}}, {"from": [3, 5, 5], "to": [3.25, 6, 7], "rotation": {"angle": 0, "axis": "y", "origin": [-5, 8, 8]}, "faces": {"north": {"uv": [9, 10, 11, 11], "texture": "#top"}, "east": {"uv": [9, 10, 11, 11], "texture": "#top"}, "south": {"uv": [9, 10, 11, 11], "texture": "#top"}, "up": {"uv": [11, 11, 9, 10], "rotation": 90, "texture": "#top"}, "down": {"uv": [11, 11, 9, 10], "rotation": 270, "texture": "#top"}}}, {"from": [3, 4, 6], "to": [3.25, 5, 8], "rotation": {"angle": 0, "axis": "y", "origin": [-5, 8, 8]}, "faces": {"north": {"uv": [9, 11, 10, 12], "texture": "#top"}, "east": {"uv": [8, 11, 10, 12], "texture": "#top"}, "south": {"uv": [8, 11, 9, 12], "texture": "#top"}, "up": {"uv": [10, 12, 8, 11], "rotation": 90, "texture": "#top"}, "down": {"uv": [10, 12, 8, 11], "rotation": 270, "texture": "#top"}}}, {"from": [3, 0.01, 8], "to": [3.25, 4.01, 9], "rotation": {"angle": 0, "axis": "y", "origin": [-5, 8, 8]}, "faces": {"north": {"uv": [7, 12, 8, 16], "texture": "#top"}, "east": {"uv": [7, 12, 8, 16], "texture": "#top"}, "south": {"uv": [7, 12, 8, 16], "texture": "#top"}, "up": {"uv": [8, 13, 7, 12], "rotation": 90, "texture": "#top"}, "down": {"uv": [8, 13, 7, 12], "rotation": 270, "texture": "#top"}}}, {"from": [0, 8, -0.25], "to": [3, 9, 0], "faces": {"north": {"uv": [0, 7, 3, 8], "rotation": 180, "texture": "#top", "cullface": "north"}, "east": {"uv": [2, 7, 3, 8], "texture": "#top", "cullface": "north"}, "west": {"uv": [0, 7, 1, 8], "texture": "#top", "cullface": "north"}, "up": {"uv": [0, 7, 3, 8], "texture": "#top", "cullface": "north"}, "down": {"uv": [0, 7, 3, 8], "texture": "#top", "cullface": "north"}}}, {"from": [0, 13, -0.25], "to": [3, 14, 0], "faces": {"north": {"uv": [0, 2, 3, 3], "texture": "#top", "cullface": "north"}, "east": {"uv": [0, 2, 1, 3], "texture": "#top", "cullface": "north"}, "west": {"uv": [2, 2, 2.25, 3], "texture": "#top", "cullface": "north"}, "up": {"uv": [0, 2, 3, 3], "rotation": 180, "texture": "#top", "cullface": "north"}, "down": {"uv": [0, 2, 3, 3], "rotation": 180, "texture": "#top", "cullface": "north"}}}, {"from": [-0.25, 0.01, 2], "to": [0, 2.01, 5], "faces": {"north": {"uv": [13.25, 14, 13, 16], "texture": "#top", "cullface": "west"}, "south": {"uv": [11.25, 14, 11, 16], "texture": "#top", "cullface": "west"}, "west": {"uv": [14, 14, 11, 16], "texture": "#top", "cullface": "west"}, "up": {"uv": [14, 14, 11, 15], "rotation": 90, "texture": "#top", "cullface": "west"}, "down": {"uv": [14, 15, 11, 16], "rotation": 270, "texture": "#top", "cullface": "west"}}}, {"from": [-0.25, 1, 1], "to": [0, 2, 2], "faces": {"north": {"uv": [15, 14, 14, 15], "texture": "#top", "cullface": "west"}, "west": {"uv": [15, 14, 14, 15], "texture": "#top", "cullface": "west"}, "up": {"uv": [15, 14, 14, 15], "rotation": 90, "texture": "#top", "cullface": "west"}, "down": {"uv": [15, 14, 14, 15], "rotation": 270, "texture": "#top", "cullface": "west"}}}, {"from": [-0.25, 4, 1], "to": [0, 5, 2], "faces": {"north": {"uv": [15, 11, 14, 12], "texture": "#top", "cullface": "west"}, "south": {"uv": [15, 11, 14, 12], "texture": "#top", "cullface": "west"}, "west": {"uv": [15, 11, 14, 12], "texture": "#top", "cullface": "west"}, "up": {"uv": [15, 11, 14, 12], "rotation": 90, "texture": "#top", "cullface": "west"}, "down": {"uv": [15, 11, 14, 12], "rotation": 270, "texture": "#top", "cullface": "west"}}}, {"from": [-0.25, 5, 0.01], "to": [0, 6, 1.01], "faces": {"north": {"uv": [16, 10, 15, 11], "texture": "#top", "cullface": "west"}, "south": {"uv": [16, 10, 15, 11], "texture": "#top", "cullface": "west"}, "west": {"uv": [16, 10, 15, 11], "texture": "#top", "cullface": "west"}, "up": {"uv": [16, 10, 15, 11], "rotation": 90, "texture": "#top", "cullface": "west"}, "down": {"uv": [16, 10, 15, 11], "rotation": 270, "texture": "#top", "cullface": "west"}}}, {"from": [-0.25, 8, 0.01], "to": [0, 9, 1.01], "faces": {"north": {"uv": [16, 7, 15, 8], "texture": "#top", "cullface": "west"}, "south": {"uv": [16, 7, 15, 8], "texture": "#top", "cullface": "west"}, "west": {"uv": [16, 7, 15, 8], "texture": "#top", "cullface": "west"}, "up": {"uv": [15, 8, 16, 7], "texture": "#top", "cullface": "west"}, "down": {"uv": [15, 8, 16, 7], "texture": "#top", "cullface": "west"}}}, {"from": [-0.25, 6, 3], "to": [0, 7, 4], "faces": {"north": {"uv": [13, 9, 12, 10], "texture": "#top", "cullface": "west"}, "south": {"uv": [13, 9, 12, 10], "texture": "#top", "cullface": "west"}, "west": {"uv": [13, 9, 12, 10], "texture": "#top", "cullface": "west"}, "up": {"uv": [13, 9, 12, 10], "rotation": 90, "texture": "#top", "cullface": "west"}, "down": {"uv": [13, 9, 12, 10], "rotation": 270, "texture": "#top", "cullface": "west"}}}, {"from": [-0.25, 9, 12], "to": [0, 10, 13], "faces": {"north": {"uv": [4, 6, 3, 7], "texture": "#top", "cullface": "west"}, "south": {"uv": [4, 6, 3, 7], "texture": "#top", "cullface": "west"}, "west": {"uv": [4, 6, 3, 7], "texture": "#top", "cullface": "west"}, "up": {"uv": [4, 6, 3, 7], "rotation": 90, "texture": "#top", "cullface": "west"}, "down": {"uv": [4, 6, 3, 7], "rotation": 270, "texture": "#top", "cullface": "west"}}}, {"from": [-0.25, 4, 4], "to": [0, 5, 5], "faces": {"north": {"uv": [12, 11, 11, 12], "texture": "#top", "cullface": "west"}, "south": {"uv": [12, 11, 11, 12], "texture": "#top", "cullface": "west"}, "west": {"uv": [12, 11, 11, 12], "texture": "#top", "cullface": "west"}, "up": {"uv": [12, 11, 11, 12], "rotation": 90, "texture": "#top", "cullface": "west"}, "down": {"uv": [12, 11, 11, 12], "rotation": 270, "texture": "#top", "cullface": "west"}}}, {"from": [-0.25, 14, 3], "to": [0, 15, 4], "faces": {"north": {"uv": [13, 1, 12, 2], "texture": "#top", "cullface": "west"}, "south": {"uv": [13, 1, 12, 2], "texture": "#top", "cullface": "west"}, "west": {"uv": [13, 1, 12, 2], "texture": "#top", "cullface": "west"}, "up": {"uv": [12, 2, 13, 1], "texture": "#top", "cullface": "west"}, "down": {"uv": [12, 2, 13, 1], "texture": "#top", "cullface": "west"}}}, {"from": [-0.25, 13, 8], "to": [0, 14, 9], "faces": {"north": {"uv": [8, 2, 7, 3], "texture": "#top", "cullface": "west"}, "south": {"uv": [8, 2, 7, 3], "texture": "#top", "cullface": "west"}, "west": {"uv": [8, 2, 7, 3], "texture": "#top", "cullface": "west"}, "up": {"uv": [7, 3, 8, 2], "texture": "#top", "cullface": "west"}, "down": {"uv": [7, 3, 8, 2], "texture": "#top", "cullface": "west"}}}, {"from": [-0.25, 14, 7], "to": [0, 15, 8], "faces": {"north": {"uv": [1, 0, 0, 1], "texture": "#top", "cullface": "west"}, "south": {"uv": [1, 0, 0, 1], "texture": "#top", "cullface": "west"}, "west": {"uv": [1, 0, 0, 1], "texture": "#top", "cullface": "west"}, "up": {"uv": [0, 1, 1, 0], "texture": "#top", "cullface": "west"}, "down": {"uv": [0, 1, 1, 0], "texture": "#top", "cullface": "west"}}}, {"from": [-0.25, 14.99, 4], "to": [0, 15.99, 7], "faces": {"north": {"uv": [11.25, 0, 11, 1], "texture": "#top", "cullface": "west"}, "south": {"uv": [9.25, 0, 9, 1], "texture": "#top", "cullface": "west"}, "west": {"uv": [12, 0, 9, 1], "texture": "#top", "cullface": "west"}, "up": {"uv": [9, 1, 12, 0], "rotation": 180, "texture": "#top", "cullface": "west"}, "down": {"uv": [12, 0, 9, 1], "rotation": 90, "texture": "#top", "cullface": "west"}}}, {"from": [-0.25, 13, 0.01], "to": [0, 14, 3.01], "faces": {"north": {"uv": [15.25, 2, 15, 3], "texture": "#top", "cullface": "west"}, "south": {"uv": [13.25, 2, 13, 3], "texture": "#top", "cullface": "west"}, "west": {"uv": [16, 2, 13, 3], "texture": "#top", "cullface": "west"}, "up": {"uv": [16, 2, 13, 3], "rotation": 90, "texture": "#top", "cullface": "west"}, "down": {"uv": [16, 2, 13, 3], "rotation": 270, "texture": "#top", "cullface": "west"}}}, {"from": [-0.25, 13, 13], "to": [0, 14, 16], "faces": {"north": {"uv": [2.25, 2, 2, 3], "texture": "#top", "cullface": "west"}, "south": {"uv": [0.25, 2, 0, 3], "texture": "#top", "cullface": "west"}, "west": {"uv": [3, 2, 0, 3], "texture": "#top", "cullface": "west"}, "up": {"uv": [3, 2, 0, 3], "rotation": 90, "texture": "#top", "cullface": "west"}, "down": {"uv": [3, 2, 0, 3], "rotation": 270, "texture": "#top", "cullface": "west"}}}, {"from": [-0.25, 12, 9], "to": [0, 13, 13], "faces": {"north": {"uv": [6.25, 3, 6, 4], "texture": "#top", "cullface": "west"}, "south": {"uv": [3.25, 3, 3, 4], "texture": "#top", "cullface": "west"}, "west": {"uv": [7, 3, 3, 4], "texture": "#top", "cullface": "west"}, "up": {"uv": [7, 3, 3, 4], "rotation": 90, "texture": "#top", "cullface": "west"}, "down": {"uv": [7, 3, 3, 4], "rotation": 270, "texture": "#top", "cullface": "west"}}}, {"from": [-0.25, 10, 11], "to": [0, 12, 12], "faces": {"north": {"uv": [5, 4, 4, 6], "texture": "#top", "cullface": "west"}, "south": {"uv": [5, 4, 4, 6], "texture": "#top", "cullface": "west"}, "west": {"uv": [5, 4, 4, 6], "texture": "#top", "cullface": "west"}, "down": {"uv": [5, 4, 4, 5], "rotation": 270, "texture": "#top", "cullface": "west"}}}, {"from": [-0.25, 8, 13], "to": [0, 9, 16], "faces": {"north": {"uv": [2.25, 7, 2, 8], "texture": "#top", "cullface": "west"}, "south": {"uv": [0.25, 7, 0, 8], "texture": "#top", "cullface": "west"}, "west": {"uv": [3, 7, 0, 8], "texture": "#top", "cullface": "west"}, "up": {"uv": [3, 7, 0, 8], "rotation": 90, "texture": "#top", "cullface": "west"}, "down": {"uv": [3, 7, 0, 8], "rotation": 270, "texture": "#top", "cullface": "west"}}}, {"from": [-0.25, 3, 2], "to": [0, 4, 4], "faces": {"north": {"uv": [14, 12, 12, 13], "texture": "#top", "cullface": "west"}, "south": {"uv": [14, 12, 12, 13], "texture": "#top", "cullface": "west"}, "west": {"uv": [14, 12, 12, 13], "texture": "#top", "cullface": "west"}, "up": {"uv": [14, 12, 12, 13], "rotation": 90, "texture": "#top", "cullface": "west"}, "down": {"uv": [14, 12, 12, 13], "rotation": 270, "texture": "#top", "cullface": "west"}}}, {"from": [-0.25, 7, 1], "to": [0, 8, 3], "faces": {"north": {"uv": [14.25, 8, 14, 9], "texture": "#top", "cullface": "west"}, "south": {"uv": [15, 8, 13, 9], "texture": "#top", "cullface": "west"}, "west": {"uv": [15, 8, 13, 9], "texture": "#top", "cullface": "west"}, "up": {"uv": [15, 8, 13, 9], "rotation": 90, "texture": "#top", "cullface": "west"}, "down": {"uv": [15, 8, 13, 9], "rotation": 270, "texture": "#top", "cullface": "west"}}}, {"from": [-0.25, 5, 5], "to": [0, 6, 7], "faces": {"north": {"uv": [11, 10, 9, 11], "texture": "#top", "cullface": "west"}, "south": {"uv": [11, 10, 9, 11], "texture": "#top", "cullface": "west"}, "west": {"uv": [11, 10, 9, 11], "texture": "#top", "cullface": "west"}, "up": {"uv": [11, 10, 9, 11], "rotation": 90, "texture": "#top", "cullface": "west"}, "down": {"uv": [11, 10, 9, 11], "rotation": 270, "texture": "#top", "cullface": "west"}}}, {"from": [-0.25, 4, 6], "to": [0, 5, 8], "faces": {"north": {"uv": [9.25, 11, 9, 12], "texture": "#top", "cullface": "west"}, "south": {"uv": [8.25, 11, 8, 12], "texture": "#top", "cullface": "west"}, "west": {"uv": [10, 11, 8, 12], "texture": "#top", "cullface": "west"}, "up": {"uv": [10, 11, 8, 12], "rotation": 90, "texture": "#top", "cullface": "west"}, "down": {"uv": [10, 11, 8, 12], "rotation": 270, "texture": "#top", "cullface": "west"}}}, {"from": [-0.25, 0.01, 8], "to": [0, 4.01, 9], "faces": {"north": {"uv": [8, 12, 7, 16], "texture": "#top", "cullface": "west"}, "south": {"uv": [8, 12, 7, 16], "texture": "#top", "cullface": "west"}, "west": {"uv": [8, 12, 7, 16], "texture": "#top", "cullface": "west"}, "up": {"uv": [8, 12, 7, 13], "rotation": 90, "texture": "#top", "cullface": "west"}, "down": {"uv": [8, 12, 7, 13], "rotation": 270, "texture": "#top", "cullface": "west"}}}, {"from": [-0.25, 0, 15], "to": [0, 1, 16], "faces": {"north": {"uv": [1, 15, 0, 16], "texture": "#top", "cullface": "west"}, "south": {"uv": [1, 15, 0, 16], "texture": "#top", "cullface": "west"}, "west": {"uv": [1, 15, 0, 16], "texture": "#top", "cullface": "west"}, "up": {"uv": [0, 16, 1, 15], "texture": "#top", "cullface": "west"}, "down": {"uv": [0, 16, 1, 15], "texture": "#top", "cullface": "west"}}}, {"from": [-0.25, 10, 15], "to": [0, 12, 16], "rotation": {"angle": 0, "axis": "y", "origin": [8, 18, 8]}, "faces": {"north": {"uv": [1, 4, 0, 6], "texture": "#top", "cullface": "west"}, "south": {"uv": [1, 4, 0, 6], "texture": "#top", "cullface": "west"}, "west": {"uv": [1, 4, 0, 6], "texture": "#top", "cullface": "west"}, "up": {"uv": [0, 5, 1, 4], "texture": "#top", "cullface": "west"}, "down": {"uv": [0, 6, 1, 5], "texture": "#top", "cullface": "west"}}}, {"from": [0.02, 0, 16], "to": [1.02, 1, 16.25], "faces": {"east": {"uv": [0, 15, 1, 16], "texture": "#top", "cullface": "south"}, "south": {"uv": [0, 15, 1, 16], "texture": "#top", "cullface": "south"}, "west": {"uv": [0, 15, 1, 16], "texture": "#top", "cullface": "south"}, "up": {"uv": [1, 16, 0, 15], "rotation": 90, "texture": "#top", "cullface": "south"}, "down": {"uv": [1, 16, 0, 15], "rotation": 270, "texture": "#top", "cullface": "south"}}}, {"from": [0.02, 10, 16], "to": [1.02, 12, 16.25], "rotation": {"angle": 0, "axis": "y", "origin": [8, 18, 8]}, "faces": {"east": {"uv": [0, 4, 1, 6], "texture": "#top", "cullface": "south"}, "south": {"uv": [0, 4, 1, 6], "texture": "#top", "cullface": "south"}, "west": {"uv": [0, 4, 1, 6], "texture": "#top", "cullface": "south"}, "up": {"uv": [1, 5, 0, 4], "rotation": 90, "texture": "#top", "cullface": "south"}, "down": {"uv": [1, 6, 0, 5], "rotation": 270, "texture": "#top", "cullface": "south"}}}, {"from": [0.02, 0, -0.25], "to": [1.02, 1, 0], "faces": {"north": {"uv": [1, 15, 0, 16], "texture": "#top", "cullface": "south"}, "east": {"uv": [1, 15, 0, 16], "texture": "#top", "cullface": "north"}, "west": {"uv": [1, 15, 0, 16], "texture": "#top", "cullface": "north"}, "up": {"uv": [0, 16, 1, 15], "rotation": 90, "texture": "#top", "cullface": "north"}, "down": {"uv": [0, 16, 1, 15], "rotation": 270, "texture": "#top", "cullface": "north"}}}, {"from": [0.02, 10, -0.25], "to": [1.02, 12, 0], "rotation": {"angle": 0, "axis": "y", "origin": [8, 18, 8]}, "faces": {"north": {"uv": [1, 4, 0, 6], "texture": "#top", "cullface": "south"}, "east": {"uv": [1, 4, 0, 6], "texture": "#top", "cullface": "north"}, "west": {"uv": [1, 4, 0, 6], "texture": "#top", "cullface": "north"}, "up": {"uv": [0, 5, 1, 4], "rotation": 90, "texture": "#top", "cullface": "north"}, "down": {"uv": [0, 6, 1, 5], "rotation": 270, "texture": "#top", "cullface": "north"}}}, {"from": [3, 0, 15], "to": [3.25, 1, 16], "rotation": {"angle": 0, "axis": "y", "origin": [-5, 8, 8]}, "faces": {"north": {"uv": [0, 15, 1, 16], "texture": "#top", "cullface": "east"}, "east": {"uv": [0, 15, 1, 16], "texture": "#top", "cullface": "east"}, "south": {"uv": [0, 15, 1, 16], "texture": "#top", "cullface": "east"}, "up": {"uv": [1, 16, 0, 15], "texture": "#top", "cullface": "east"}, "down": {"uv": [1, 16, 0, 15], "texture": "#top", "cullface": "east"}}}, {"from": [3, 10, 15], "to": [3.25, 12, 16], "rotation": {"angle": 0, "axis": "y", "origin": [-5, 18, 8]}, "faces": {"north": {"uv": [0, 4, 1, 6], "texture": "#top", "cullface": "east"}, "east": {"uv": [0, 4, 1, 6], "texture": "#top", "cullface": "east"}, "south": {"uv": [0, 4, 1, 6], "texture": "#top", "cullface": "east"}, "up": {"uv": [1, 5, 0, 4], "texture": "#top", "cullface": "east"}, "down": {"uv": [1, 6, 0, 5], "texture": "#top", "cullface": "east"}}}], "display": {"thirdperson_righthand": {"rotation": [75, 315, 0], "translation": [0, 2.5, 0], "scale": [0.375, 0.375, 0.375]}, "firstperson_righthand": {"rotation": [0, 315, 0], "translation": [0, 2.5, 0], "scale": [0.4, 0.4, 0.4]}, "ground": {"translation": [0, 3, 0], "scale": [0.25, 0.25, 0.25]}, "gui": {"rotation": [30, 45, 0], "scale": [0.625, 0.625, 0.625]}, "head": {"rotation": [0, 180, 0]}, "fixed": {"rotation": [0, 180, 0]}}, "groups": [0, {"name": "north", "origin": [8, 8, 8], "color": 0, "children": [1, 2]}, {"name": "east", "origin": [8, 8, 8], "color": 0, "children": [3, 4, 5, 6, 7, 8, 9, 10, 11, 12, 13, 14, 15, 16, 17, 18, 19, 20, 21, 22, 23, 24]}, {"name": "south", "origin": [8, 8, 8], "color": 0, "children": [25, 26]}, {"name": "west", "origin": [8, 8, 8], "color": 0, "children": [27, 28, 29, 30, 31, 32, 33, 34, 35, 36, 37, 38, 39, 40, 41, 42, 43, 44, 45, 46, 47, 48]}, {"name": "door_hinges_top_hinge", "origin": [8, 8, 8], "color": 0, "children": [{"name": "west", "origin": [8, 8, 8], "color": 0, "children": [49, 50, {"name": "west handle", "origin": [8.75, 8, 8], "color": 0, "children": []}]}, {"name": "south", "origin": [8, 8, 8], "color": 0, "children": [51, 52]}, {"name": "north", "origin": [8, 8, 8], "color": 0, "children": [53, 54]}, {"name": "east", "origin": [8, 8, 8], "color": 0, "children": [55, 56, {"name": "east handle", "origin": [-5.75, 8, 8], "color": 0, "children": []}]}]}]}