{"parent": "block/door_inv", "textures": {"particle": "block/warped_door_bottom", "bottom": "block/warped_door_bottom", "top": "block/warped_door_top"}, "elements": [{"from": [0, 0, 0], "to": [3, 16, 16], "faces": {"north": {"uv": [3, 0, 0, 16], "texture": "#bottom", "cullface": "north"}, "east": {"uv": [16, 0, 0, 16], "texture": "#bottom"}, "south": {"uv": [0, 0, 3, 16], "texture": "#bottom", "cullface": "south"}, "west": {"uv": [0, 0, 16, 16], "texture": "#bottom", "cullface": "west"}, "down": {"uv": [13, 0, 16, 16], "texture": "#bottom", "cullface": "down"}}}, {"from": [0, 6, -0.25], "to": [1, 7, 0], "faces": {"north": {"uv": [0, 9, 1, 10], "texture": "#bottom", "cullface": "north"}, "east": {"uv": [0, 9, 1, 10], "texture": "#bottom", "cullface": "north"}, "west": {"uv": [0, 9, 1, 10], "texture": "#bottom", "cullface": "north"}, "up": {"uv": [0, 9, 1, 10], "texture": "#bottom", "cullface": "north"}}}, {"from": [1, 7, -0.25], "to": [2, 8, 0], "faces": {"north": {"uv": [1, 8, 2, 9], "texture": "#bottom", "cullface": "north"}, "east": {"uv": [1, 8, 2, 9], "texture": "#bottom", "cullface": "north"}, "west": {"uv": [1, 8, 2, 9], "texture": "#bottom", "cullface": "north"}, "up": {"uv": [1, 8, 2, 9], "texture": "#bottom", "cullface": "north"}, "down": {"uv": [1, 8, 2, 9], "texture": "#bottom", "cullface": "north"}}}, {"from": [1.99, 8, -0.25], "to": [2.99, 9, 0], "faces": {"north": {"uv": [2, 7, 3, 8], "texture": "#bottom", "cullface": "north"}, "east": {"uv": [2, 7, 3, 8], "texture": "#bottom", "cullface": "north"}, "west": {"uv": [2, 7, 3, 8], "texture": "#bottom", "cullface": "north"}, "up": {"uv": [2, 7, 3, 8], "texture": "#bottom", "cullface": "north"}, "down": {"uv": [2, 7, 3, 8], "texture": "#bottom", "cullface": "north"}}}, {"from": [1.99, 15, -0.25], "to": [2.99, 16, 0], "faces": {"north": {"uv": [2, 0, 3, 1], "texture": "#bottom", "cullface": "north"}, "east": {"uv": [2, 0, 3, 1], "texture": "#bottom", "cullface": "north"}, "west": {"uv": [2, 0, 3, 1], "texture": "#bottom", "cullface": "north"}, "up": {"uv": [2, 0, 3, 1], "texture": "#bottom", "cullface": "north"}, "down": {"uv": [2, 0, 3, 1], "texture": "#bottom", "cullface": "north"}}}, {"from": [1, 14, -0.25], "to": [2, 15, 0], "faces": {"north": {"uv": [1, 1, 2, 2], "texture": "#bottom", "cullface": "north"}, "east": {"uv": [1, 1, 2, 2], "texture": "#bottom", "cullface": "north"}, "west": {"uv": [1, 1, 2, 2], "texture": "#bottom", "cullface": "north"}, "up": {"uv": [1, 1, 2, 2], "texture": "#bottom", "cullface": "north"}, "down": {"uv": [1, 1, 2, 2], "texture": "#bottom", "cullface": "north"}}}, {"from": [0, 12, -0.25], "to": [1, 14, 0], "faces": {"north": {"uv": [0, 2, 1, 4], "texture": "#bottom", "cullface": "north"}, "east": {"uv": [0, 2, 1, 4], "texture": "#bottom", "cullface": "north"}, "west": {"uv": [0, 2, 1, 4], "texture": "#bottom", "cullface": "north"}, "up": {"uv": [0, 2, 1, 4], "texture": "#bottom", "cullface": "north"}, "down": {"uv": [0, 2, 1, 4], "texture": "#bottom", "cullface": "north"}}}, {"from": [3, 6, 0], "to": [3.25, 7, 1], "rotation": {"angle": 0, "axis": "y", "origin": [-5, 8, 8]}, "faces": {"north": {"uv": [1, 9, 0, 10], "texture": "#bottom"}, "east": {"uv": [1, 9, 0, 10], "texture": "#bottom"}, "south": {"uv": [1, 9, 0, 10], "texture": "#bottom"}, "up": {"uv": [1, 9, 0, 10], "texture": "#bottom"}}}, {"from": [3, 7, 1], "to": [3.25, 8, 2], "rotation": {"angle": 0, "axis": "y", "origin": [-5, 8, 8]}, "faces": {"north": {"uv": [2, 8, 1, 9], "texture": "#bottom"}, "east": {"uv": [2, 8, 1, 9], "texture": "#bottom"}, "south": {"uv": [2, 8, 1, 9], "texture": "#bottom"}, "up": {"uv": [2, 8, 1, 9], "texture": "#bottom"}, "down": {"uv": [2, 8, 1, 9], "texture": "#bottom"}}}, {"from": [3, 8, 2], "to": [3.25, 9, 4], "rotation": {"angle": 0, "axis": "y", "origin": [-5, 8, 8]}, "faces": {"north": {"uv": [4, 7, 2, 8], "texture": "#bottom"}, "east": {"uv": [4, 7, 2, 8], "texture": "#bottom"}, "south": {"uv": [4, 7, 2, 8], "texture": "#bottom"}, "up": {"uv": [4, 7, 2, 8], "texture": "#bottom"}, "down": {"uv": [4, 7, 2, 8], "texture": "#bottom"}}}, {"from": [3, 5, 5], "to": [3.25, 6, 7], "rotation": {"angle": 0, "axis": "y", "origin": [-5, 8, 8]}, "faces": {"north": {"uv": [7, 10, 5, 11], "texture": "#bottom"}, "east": {"uv": [7, 10, 5, 11], "texture": "#bottom"}, "south": {"uv": [7, 10, 5, 11], "texture": "#bottom"}, "up": {"uv": [7, 10, 5, 11], "texture": "#bottom"}, "down": {"uv": [7, 10, 5, 11], "texture": "#bottom"}}}, {"from": [3, 4, 7], "to": [3.25, 5, 9], "rotation": {"angle": 0, "axis": "y", "origin": [-5, 8, 8]}, "faces": {"north": {"uv": [7.25, 11, 7, 12], "texture": "#bottom"}, "east": {"uv": [9, 11, 7, 12], "texture": "#bottom"}, "south": {"uv": [8.25, 11, 8, 12], "texture": "#bottom"}, "up": {"uv": [7, 11.25, 9, 11], "rotation": 90, "texture": "#bottom"}, "down": {"uv": [9, 11, 7, 12], "texture": "#bottom"}}}, {"from": [3, 2, 10], "to": [3.25, 3, 12], "rotation": {"angle": 0, "axis": "y", "origin": [-5, 8, 8]}, "faces": {"north": {"uv": [10.25, 13, 10, 14], "texture": "#bottom"}, "east": {"uv": [12, 13, 10, 14], "texture": "#bottom"}, "south": {"uv": [11.25, 13, 11, 14], "texture": "#bottom"}, "up": {"uv": [10, 14, 12, 13], "rotation": 90, "texture": "#bottom"}, "down": {"uv": [12, 13, 10, 14], "texture": "#bottom"}}}, {"from": [3, 5, 13], "to": [3.25, 6, 15], "rotation": {"angle": 0, "axis": "y", "origin": [-5, 8, 8]}, "faces": {"north": {"uv": [13.25, 10, 13, 11], "texture": "#bottom"}, "east": {"uv": [15, 10, 13, 11], "texture": "#bottom"}, "south": {"uv": [14.25, 10, 14, 11], "texture": "#bottom"}, "up": {"uv": [13, 11, 15, 10], "rotation": 90, "texture": "#bottom"}, "down": {"uv": [13, 11, 15, 10], "rotation": 270, "texture": "#bottom"}}}, {"from": [3, 9, 13.99], "to": [3.25, 10, 15.99], "rotation": {"angle": 0, "axis": "y", "origin": [-5, 8, 8]}, "faces": {"north": {"uv": [14.25, 6, 14, 7], "texture": "#bottom"}, "east": {"uv": [16, 6, 14, 7], "texture": "#bottom"}, "south": {"uv": [15.25, 6, 15, 7], "texture": "#bottom"}, "up": {"uv": [14, 7, 16, 6], "rotation": 90, "texture": "#bottom"}, "down": {"uv": [14, 7, 16, 6], "rotation": 270, "texture": "#bottom"}}}, {"from": [3, 10, 12], "to": [3.25, 11, 14], "rotation": {"angle": 0, "axis": "y", "origin": [-5, 8, 8]}, "faces": {"north": {"uv": [14, 5, 12, 6], "texture": "#bottom"}, "east": {"uv": [14, 5, 12, 6], "texture": "#bottom"}, "south": {"uv": [14, 5, 12, 6], "texture": "#bottom"}, "up": {"uv": [14, 5, 12, 6], "texture": "#bottom"}, "down": {"uv": [14, 5, 12, 6], "texture": "#bottom"}}}, {"from": [3, 6, 10], "to": [3.25, 9, 11], "rotation": {"angle": 0, "axis": "y", "origin": [-5, 8, 8]}, "faces": {"north": {"uv": [11, 7, 10, 10], "texture": "#bottom"}, "east": {"uv": [11, 7, 10, 10], "texture": "#bottom"}, "south": {"uv": [11, 7, 10, 10], "texture": "#bottom"}, "up": {"uv": [10.25, 7, 10, 8], "texture": "#bottom"}, "down": {"uv": [11, 9, 10, 10], "texture": "#bottom"}}}, {"from": [3, 6, 4], "to": [3.25, 8, 5], "rotation": {"angle": 0, "axis": "y", "origin": [-5, 8, 8]}, "faces": {"north": {"uv": [5, 8, 4, 10], "texture": "#bottom"}, "east": {"uv": [5, 8, 4, 10], "texture": "#bottom"}, "south": {"uv": [5, 8, 4, 10], "texture": "#bottom"}, "up": {"uv": [5, 8, 4, 10], "texture": "#bottom"}, "down": {"uv": [5, 8, 4, 10], "texture": "#bottom"}}}, {"from": [3, 3, 12], "to": [3.25, 5, 13], "rotation": {"angle": 0, "axis": "y", "origin": [-5, 8, 8]}, "faces": {"north": {"uv": [13, 11, 12, 13], "texture": "#bottom"}, "east": {"uv": [13, 11, 12, 13], "texture": "#bottom"}, "south": {"uv": [13, 11, 12, 13], "texture": "#bottom"}, "up": {"uv": [12.25, 11, 12, 12], "texture": "#bottom"}, "down": {"uv": [13, 12, 12, 13], "texture": "#bottom"}}}, {"from": [3, 9, 11], "to": [3.25, 10, 12], "rotation": {"angle": 0, "axis": "y", "origin": [-5, 8, 8]}, "faces": {"north": {"uv": [12, 6, 11, 7], "texture": "#bottom"}, "east": {"uv": [12, 6, 11, 7], "texture": "#bottom"}, "south": {"uv": [12, 6, 11, 7], "texture": "#bottom"}, "up": {"uv": [12, 6, 11, 7], "texture": "#bottom"}, "down": {"uv": [12, 6, 11, 7], "texture": "#bottom"}}}, {"from": [3, 4, 14.99], "to": [3.25, 5, 15.99], "rotation": {"angle": 0, "axis": "y", "origin": [-5, 8, 8]}, "faces": {"north": {"uv": [16, 11, 15, 12], "texture": "#bottom"}, "east": {"uv": [16, 11, 15, 12], "texture": "#bottom"}, "south": {"uv": [16, 11, 15, 12], "texture": "#bottom"}, "up": {"uv": [16, 11, 15, 12], "texture": "#bottom"}, "down": {"uv": [16, 11, 15, 12], "texture": "#bottom"}}}, {"from": [3, 5, 9], "to": [3.25, 6, 10], "rotation": {"angle": 0, "axis": "y", "origin": [-5, 8, 8]}, "faces": {"north": {"uv": [10, 10, 9, 11], "texture": "#bottom"}, "east": {"uv": [10, 10, 9, 11], "texture": "#bottom"}, "south": {"uv": [10, 10, 9, 11], "texture": "#bottom"}, "up": {"uv": [10, 10, 9, 11], "texture": "#bottom"}, "down": {"uv": [10, 10, 9, 11], "texture": "#bottom"}}}, {"from": [3, 1, 9], "to": [3.25, 2, 10], "rotation": {"angle": 0, "axis": "y", "origin": [-5, 8, 8]}, "faces": {"north": {"uv": [10, 14, 9, 15], "texture": "#bottom"}, "east": {"uv": [10, 14, 9, 15], "texture": "#bottom"}, "south": {"uv": [10, 14, 9, 15], "texture": "#bottom"}, "up": {"uv": [10, 14, 9, 15], "texture": "#bottom"}, "down": {"uv": [10, 14, 9, 15], "texture": "#bottom"}}}, {"from": [3, 15, 6], "to": [3.25, 16, 7], "rotation": {"angle": 0, "axis": "y", "origin": [-5, 8, 8]}, "faces": {"north": {"uv": [7, 0, 6, 1], "texture": "#bottom"}, "east": {"uv": [7, 0, 6, 1], "texture": "#bottom"}, "south": {"uv": [7, 0, 6, 1], "texture": "#bottom"}, "up": {"uv": [7, 0, 6, 1], "texture": "#bottom"}, "down": {"uv": [7, 0, 6, 1], "texture": "#bottom"}}}, {"from": [3, 14, 4], "to": [3.25, 15, 6], "rotation": {"angle": 0, "axis": "y", "origin": [-5, 8, 8]}, "faces": {"north": {"uv": [6, 1, 4, 2], "texture": "#bottom"}, "east": {"uv": [6, 1, 4, 2], "texture": "#bottom"}, "south": {"uv": [6, 1, 4, 2], "texture": "#bottom"}, "up": {"uv": [6, 1, 4, 2], "texture": "#bottom"}, "down": {"uv": [6, 1, 4, 2], "texture": "#bottom"}}}, {"from": [3, 15, 2], "to": [3.25, 16, 4], "rotation": {"angle": 0, "axis": "y", "origin": [-5, 8, 8]}, "faces": {"north": {"uv": [2.25, 0, 2, 1], "texture": "#bottom"}, "east": {"uv": [4, 0, 2, 1], "texture": "#bottom"}, "south": {"uv": [3.25, 0, 3, 1], "texture": "#bottom"}, "up": {"uv": [2, 0.25, 4, 0], "rotation": 90, "texture": "#bottom"}, "down": {"uv": [2, 1, 4, 0], "rotation": 270, "texture": "#bottom"}}}, {"from": [3, 14, 1], "to": [3.25, 15, 2], "rotation": {"angle": 0, "axis": "y", "origin": [-5, 8, 8]}, "faces": {"north": {"uv": [2, 1, 1, 2], "texture": "#bottom"}, "east": {"uv": [2, 1, 1, 2], "texture": "#bottom"}, "south": {"uv": [2, 1, 1, 2], "texture": "#bottom"}, "up": {"uv": [2, 1, 1, 2], "texture": "#bottom"}, "down": {"uv": [2, 1, 1, 2], "texture": "#bottom"}}}, {"from": [3, 12, 0], "to": [3.25, 14, 1], "rotation": {"angle": 0, "axis": "y", "origin": [-5, 8, 8]}, "faces": {"north": {"uv": [1, 2, 0, 4], "texture": "#bottom"}, "east": {"uv": [1, 2, 0, 4], "texture": "#bottom"}, "south": {"uv": [1, 2, 0, 4], "texture": "#bottom"}, "up": {"uv": [1, 2, 0, 4], "texture": "#bottom"}, "down": {"uv": [1, 2, 0, 4], "texture": "#bottom"}}}, {"from": [0.01, 6, 16], "to": [1.01, 7, 16.25], "faces": {"east": {"uv": [1, 9, 0, 10], "texture": "#bottom", "cullface": "south"}, "south": {"uv": [1, 9, 0, 10], "texture": "#bottom", "cullface": "south"}, "west": {"uv": [1, 9, 0, 10], "texture": "#bottom", "cullface": "south"}, "up": {"uv": [0, 10, 1, 9], "texture": "#bottom", "cullface": "south"}}}, {"from": [1, 7, 16], "to": [2, 8, 16.25], "faces": {"east": {"uv": [2, 8, 1, 9], "texture": "#bottom", "cullface": "south"}, "south": {"uv": [2, 8, 1, 9], "texture": "#bottom", "cullface": "south"}, "west": {"uv": [2, 8, 1, 9], "texture": "#bottom", "cullface": "south"}, "up": {"uv": [1, 9, 2, 8], "texture": "#bottom", "cullface": "south"}, "down": {"uv": [1, 9, 2, 8], "texture": "#bottom", "cullface": "south"}}}, {"from": [1.99, 8, 16], "to": [2.99, 9, 16.25], "faces": {"east": {"uv": [3, 7, 2, 8], "texture": "#bottom", "cullface": "south"}, "south": {"uv": [3, 7, 2, 8], "texture": "#bottom", "cullface": "south"}, "west": {"uv": [3, 7, 2, 8], "texture": "#bottom", "cullface": "south"}, "up": {"uv": [2, 8, 3, 7], "texture": "#bottom", "cullface": "south"}, "down": {"uv": [2, 8, 3, 7], "texture": "#bottom", "cullface": "south"}}}, {"from": [1.99, 15, 16], "to": [2.99, 16, 16.25], "faces": {"east": {"uv": [3, 0, 2, 1], "texture": "#bottom", "cullface": "south"}, "south": {"uv": [3, 0, 2, 1], "texture": "#bottom", "cullface": "south"}, "west": {"uv": [3, 0, 2, 1], "texture": "#bottom", "cullface": "south"}, "up": {"uv": [2, 1, 3, 0], "texture": "#bottom", "cullface": "up"}, "down": {"uv": [2, 1, 3, 0], "texture": "#bottom", "cullface": "south"}}}, {"from": [1, 14, 16], "to": [2, 15, 16.25], "faces": {"east": {"uv": [2, 1, 1, 2], "texture": "#bottom", "cullface": "south"}, "south": {"uv": [2, 1, 1, 2], "texture": "#bottom", "cullface": "south"}, "west": {"uv": [2, 1, 1, 2], "texture": "#bottom", "cullface": "south"}, "up": {"uv": [1, 2, 2, 1], "texture": "#bottom", "cullface": "south"}, "down": {"uv": [1, 2, 2, 1], "texture": "#bottom", "cullface": "south"}}}, {"from": [0.01, 12, 16], "to": [1.01, 14, 16.25], "faces": {"east": {"uv": [1, 2, 0, 4], "texture": "#bottom", "cullface": "south"}, "south": {"uv": [1, 2, 0, 4], "texture": "#bottom", "cullface": "south"}, "west": {"uv": [1, 2, 0, 4], "texture": "#bottom", "cullface": "south"}, "up": {"uv": [0, 4, 1, 2], "texture": "#bottom", "cullface": "south"}, "down": {"uv": [0, 4, 1, 2], "texture": "#bottom", "cullface": "south"}}}, {"from": [-0.25, 6, 0], "to": [0, 7, 1], "faces": {"north": {"uv": [0, 9, 1, 10], "texture": "#bottom", "cullface": "west"}, "south": {"uv": [0, 9, 1, 10], "texture": "#bottom", "cullface": "west"}, "west": {"uv": [0, 9, 1, 10], "texture": "#bottom", "cullface": "west"}, "up": {"uv": [0, 9, 1, 10], "texture": "#bottom", "cullface": "west"}}}, {"from": [-0.25, 7, 1], "to": [0, 8, 2], "faces": {"north": {"uv": [1, 8, 2, 9], "texture": "#bottom", "cullface": "west"}, "south": {"uv": [1, 8, 2, 9], "texture": "#bottom", "cullface": "west"}, "west": {"uv": [1, 8, 2, 9], "texture": "#bottom", "cullface": "west"}, "up": {"uv": [1, 8, 2, 9], "texture": "#bottom", "cullface": "west"}, "down": {"uv": [1, 8, 2, 9], "texture": "#bottom", "cullface": "west"}}}, {"from": [-0.25, 8, 2], "to": [0, 9, 4], "faces": {"north": {"uv": [2, 7, 4, 8], "texture": "#bottom", "cullface": "west"}, "south": {"uv": [2, 7, 4, 8], "texture": "#bottom", "cullface": "west"}, "west": {"uv": [2, 7, 4, 8], "texture": "#bottom", "cullface": "west"}, "up": {"uv": [2, 7, 4, 8], "texture": "#bottom", "cullface": "west"}, "down": {"uv": [2, 7, 4, 8], "texture": "#bottom", "cullface": "west"}}}, {"from": [-0.25, 5, 5], "to": [0, 6, 7], "faces": {"north": {"uv": [5, 10, 7, 11], "texture": "#bottom", "cullface": "west"}, "south": {"uv": [5, 10, 7, 11], "texture": "#bottom", "cullface": "west"}, "west": {"uv": [5, 10, 7, 11], "texture": "#bottom", "cullface": "west"}, "up": {"uv": [5, 10, 7, 11], "texture": "#bottom", "cullface": "west"}, "down": {"uv": [5, 10, 7, 11], "texture": "#bottom", "cullface": "west"}}}, {"from": [-0.25, 4, 7], "to": [0, 5, 9], "faces": {"north": {"uv": [7, 11, 7.25, 12], "texture": "#bottom", "cullface": "west"}, "south": {"uv": [8, 11, 8.25, 12], "texture": "#bottom", "cullface": "west"}, "west": {"uv": [7, 11, 9, 12], "texture": "#bottom", "cullface": "west"}, "up": {"uv": [7, 11, 9, 11.25], "rotation": 90, "texture": "#bottom", "cullface": "west"}, "down": {"uv": [7, 11, 9, 12], "texture": "#bottom", "cullface": "west"}}}, {"from": [-0.25, 2, 10], "to": [0, 3, 12], "faces": {"north": {"uv": [10, 13, 10.25, 14], "texture": "#bottom", "cullface": "west"}, "south": {"uv": [11, 13, 11.25, 14], "texture": "#bottom", "cullface": "west"}, "west": {"uv": [10, 13, 12, 14], "texture": "#bottom", "cullface": "west"}, "up": {"uv": [10, 13, 12, 14], "rotation": 90, "texture": "#bottom", "cullface": "west"}, "down": {"uv": [10, 13, 12, 14], "texture": "#bottom", "cullface": "west"}}}, {"from": [-0.25, 5, 13], "to": [0, 6, 15], "faces": {"north": {"uv": [13, 10, 13.25, 11], "texture": "#bottom", "cullface": "west"}, "south": {"uv": [14, 10, 14.25, 11], "texture": "#bottom", "cullface": "west"}, "west": {"uv": [13, 10, 15, 11], "texture": "#bottom", "cullface": "west"}, "up": {"uv": [13, 10, 15, 11], "rotation": 90, "texture": "#bottom", "cullface": "west"}, "down": {"uv": [13, 10, 15, 11], "rotation": 270, "texture": "#bottom", "cullface": "west"}}}, {"from": [-0.25, 9, 13.99], "to": [0, 10, 15.99], "faces": {"north": {"uv": [14, 6, 14.25, 7], "texture": "#bottom", "cullface": "west"}, "south": {"uv": [15, 6, 15.25, 7], "texture": "#bottom", "cullface": "west"}, "west": {"uv": [14, 6, 16, 7], "texture": "#bottom", "cullface": "west"}, "up": {"uv": [14, 6, 16, 7], "rotation": 90, "texture": "#bottom", "cullface": "west"}, "down": {"uv": [14, 6, 16, 7], "rotation": 270, "texture": "#bottom", "cullface": "west"}}}, {"from": [-0.25, 10, 12], "to": [0, 11, 14], "faces": {"north": {"uv": [12, 5, 14, 6], "texture": "#bottom", "cullface": "west"}, "south": {"uv": [12, 5, 14, 6], "texture": "#bottom", "cullface": "west"}, "west": {"uv": [12, 5, 14, 6], "texture": "#bottom", "cullface": "west"}, "up": {"uv": [12, 5, 14, 6], "texture": "#bottom", "cullface": "west"}, "down": {"uv": [12, 5, 14, 6], "texture": "#bottom", "cullface": "west"}}}, {"from": [-0.25, 6, 10], "to": [0, 9, 11], "faces": {"north": {"uv": [10, 7, 11, 10], "texture": "#bottom", "cullface": "west"}, "south": {"uv": [10, 7, 11, 10], "texture": "#bottom", "cullface": "west"}, "west": {"uv": [10, 7, 11, 10], "texture": "#bottom", "cullface": "west"}, "up": {"uv": [10, 7, 10.25, 8], "texture": "#bottom", "cullface": "west"}, "down": {"uv": [10, 9, 11, 10], "texture": "#bottom", "cullface": "west"}}}, {"from": [-0.25, 6, 4], "to": [0, 8, 5], "faces": {"north": {"uv": [4, 8, 5, 10], "texture": "#bottom", "cullface": "west"}, "south": {"uv": [4, 8, 5, 10], "texture": "#bottom", "cullface": "west"}, "west": {"uv": [4, 8, 5, 10], "texture": "#bottom", "cullface": "west"}, "up": {"uv": [4, 8, 5, 10], "texture": "#bottom", "cullface": "west"}, "down": {"uv": [4, 8, 5, 10], "texture": "#bottom", "cullface": "west"}}}, {"from": [-0.25, 3, 12], "to": [0, 5, 13], "faces": {"north": {"uv": [12, 11, 13, 13], "texture": "#bottom", "cullface": "west"}, "south": {"uv": [12, 11, 13, 13], "texture": "#bottom", "cullface": "west"}, "west": {"uv": [12, 11, 13, 13], "texture": "#bottom", "cullface": "west"}, "up": {"uv": [12, 11, 12.25, 12], "texture": "#bottom", "cullface": "west"}, "down": {"uv": [12, 12, 13, 13], "texture": "#bottom", "cullface": "west"}}}, {"from": [-0.25, 9, 11], "to": [0, 10, 12], "faces": {"north": {"uv": [11, 6, 12, 7], "texture": "#bottom", "cullface": "west"}, "south": {"uv": [11, 6, 12, 7], "texture": "#bottom", "cullface": "west"}, "west": {"uv": [11, 6, 12, 7], "texture": "#bottom", "cullface": "west"}, "up": {"uv": [11, 6, 12, 7], "texture": "#bottom", "cullface": "west"}, "down": {"uv": [11, 6, 12, 7], "texture": "#bottom", "cullface": "west"}}}, {"from": [-0.25, 4, 14.99], "to": [0, 5, 15.99], "faces": {"north": {"uv": [15, 11, 16, 12], "texture": "#bottom", "cullface": "west"}, "south": {"uv": [15, 11, 16, 12], "texture": "#bottom", "cullface": "west"}, "west": {"uv": [15, 11, 16, 12], "texture": "#bottom", "cullface": "west"}, "up": {"uv": [15, 11, 16, 12], "texture": "#bottom", "cullface": "west"}, "down": {"uv": [15, 11, 16, 12], "texture": "#bottom", "cullface": "west"}}}, {"from": [-0.25, 5, 9], "to": [0, 6, 10], "faces": {"north": {"uv": [9, 10, 10, 11], "texture": "#bottom", "cullface": "west"}, "south": {"uv": [9, 10, 10, 11], "texture": "#bottom", "cullface": "west"}, "west": {"uv": [9, 10, 10, 11], "texture": "#bottom", "cullface": "west"}, "up": {"uv": [9, 10, 10, 11], "texture": "#bottom", "cullface": "west"}, "down": {"uv": [9, 10, 10, 11], "texture": "#bottom", "cullface": "west"}}}, {"from": [-0.25, 1, 9], "to": [0, 2, 10], "faces": {"north": {"uv": [9, 14, 10, 15], "texture": "#bottom", "cullface": "west"}, "south": {"uv": [9, 14, 10, 15], "texture": "#bottom", "cullface": "west"}, "west": {"uv": [9, 14, 10, 15], "texture": "#bottom", "cullface": "west"}, "up": {"uv": [9, 14, 10, 15], "texture": "#bottom", "cullface": "west"}, "down": {"uv": [9, 14, 10, 15], "texture": "#bottom", "cullface": "west"}}}, {"from": [-0.25, 15, 6], "to": [0, 16, 7], "faces": {"north": {"uv": [6, 0, 7, 1], "texture": "#bottom", "cullface": "west"}, "south": {"uv": [6, 0, 7, 1], "texture": "#bottom", "cullface": "west"}, "west": {"uv": [6, 0, 7, 1], "texture": "#bottom", "cullface": "west"}, "up": {"uv": [6, 0, 7, 1], "texture": "#bottom", "cullface": "west"}, "down": {"uv": [6, 0, 7, 1], "texture": "#bottom", "cullface": "west"}}}, {"from": [-0.25, 14, 4], "to": [0, 15, 6], "faces": {"north": {"uv": [4, 1, 6, 2], "texture": "#bottom", "cullface": "west"}, "south": {"uv": [4, 1, 6, 2], "texture": "#bottom", "cullface": "west"}, "west": {"uv": [4, 1, 6, 2], "texture": "#bottom", "cullface": "west"}, "up": {"uv": [4, 1, 6, 2], "texture": "#bottom", "cullface": "west"}, "down": {"uv": [4, 1, 6, 2], "texture": "#bottom", "cullface": "west"}}}, {"from": [-0.25, 15, 2], "to": [0, 16, 4], "faces": {"north": {"uv": [2, 0, 2.25, 1], "texture": "#bottom", "cullface": "west"}, "south": {"uv": [3, 0, 3.25, 1], "texture": "#bottom", "cullface": "west"}, "west": {"uv": [2, 0, 4, 1], "texture": "#bottom", "cullface": "west"}, "up": {"uv": [2, 0, 4, 0.25], "rotation": 90, "texture": "#bottom", "cullface": "west"}, "down": {"uv": [2, 0, 4, 1], "rotation": 270, "texture": "#bottom", "cullface": "west"}}}, {"from": [-0.25, 14, 1], "to": [0, 15, 2], "faces": {"north": {"uv": [1, 1, 2, 2], "texture": "#bottom", "cullface": "west"}, "south": {"uv": [1, 1, 2, 2], "texture": "#bottom", "cullface": "west"}, "west": {"uv": [1, 1, 2, 2], "texture": "#bottom", "cullface": "west"}, "up": {"uv": [1, 1, 2, 2], "texture": "#bottom", "cullface": "west"}, "down": {"uv": [1, 1, 2, 2], "texture": "#bottom", "cullface": "west"}}}, {"from": [-0.25, 12, 0], "to": [0, 14, 1], "faces": {"north": {"uv": [0, 2, 1, 4], "texture": "#bottom", "cullface": "west"}, "south": {"uv": [0, 2, 1, 4], "texture": "#bottom", "cullface": "west"}, "west": {"uv": [0, 2, 1, 4], "texture": "#bottom", "cullface": "west"}, "up": {"uv": [0, 2, 1, 4], "texture": "#bottom", "cullface": "west"}, "down": {"uv": [0, 2, 1, 4], "texture": "#bottom", "cullface": "west"}}}, {"from": [0.01, 4, -0.25], "to": [1.01, 6, 0], "faces": {"north": {"uv": [1, 10, 0, 12], "texture": "#bottom", "cullface": "north"}, "east": {"uv": [1, 10, 0, 12], "texture": "#bottom", "cullface": "north"}, "west": {"uv": [1, 10, 0, 12], "texture": "#bottom", "cullface": "north"}, "down": {"uv": [0, 12, 1, 11], "rotation": 270, "texture": "#bottom", "cullface": "north"}}}, {"from": [0.01, 15, -0.25], "to": [1.01, 16, 0], "faces": {"north": {"uv": [1, 0, 0, 1], "texture": "#bottom", "cullface": "north"}, "east": {"uv": [1, 0, 0, 1], "texture": "#bottom", "cullface": "north"}, "west": {"uv": [1, 0, 0, 1], "texture": "#bottom", "cullface": "north"}, "down": {"uv": [0, 1, 1, 0], "rotation": 270, "texture": "#bottom", "cullface": "north"}}}, {"from": [3, 4, 0], "to": [3.25, 6, 1], "rotation": {"angle": 0, "axis": "y", "origin": [-5, 8, 8]}, "faces": {"north": {"uv": [1, 10, 0, 12], "texture": "#bottom"}, "east": {"uv": [1, 10, 0, 12], "texture": "#bottom"}, "south": {"uv": [1, 10, 0, 12], "texture": "#bottom"}, "down": {"uv": [1, 11, 0, 12], "texture": "#bottom"}}}, {"from": [3, 15, 0], "to": [3.25, 16, 1], "rotation": {"angle": 0, "axis": "y", "origin": [-5, 8, 8]}, "faces": {"north": {"uv": [1, 0, 0, 1], "texture": "#bottom"}, "east": {"uv": [1, 0, 0, 1], "texture": "#bottom"}, "south": {"uv": [1, 0, 0, 1], "texture": "#bottom"}, "down": {"uv": [1, 0, 0, 1], "texture": "#bottom"}}}, {"from": [0.01, 4, 16], "to": [1.01, 6, 16.25], "faces": {"east": {"uv": [0, 10, 1, 12], "texture": "#bottom", "cullface": "south"}, "south": {"uv": [0, 10, 1, 12], "texture": "#bottom", "cullface": "south"}, "west": {"uv": [0, 10, 1, 12], "texture": "#bottom", "cullface": "south"}, "down": {"uv": [1, 12, 0, 11], "rotation": 270, "texture": "#bottom", "cullface": "south"}}}, {"from": [0.01, 15, 16], "to": [1.01, 16, 16.25], "faces": {"east": {"uv": [0, 0, 1, 1], "texture": "#bottom", "cullface": "south"}, "south": {"uv": [0, 0, 1, 1], "texture": "#bottom", "cullface": "south"}, "west": {"uv": [0, 0, 1, 1], "texture": "#bottom", "cullface": "south"}, "down": {"uv": [1, 1, 0, 0], "rotation": 270, "texture": "#bottom", "cullface": "south"}}}, {"from": [-0.25, 4, 0], "to": [0, 6, 1], "faces": {"north": {"uv": [0, 10, 1, 12], "texture": "#bottom", "cullface": "west"}, "south": {"uv": [0, 10, 1, 12], "texture": "#bottom", "cullface": "west"}, "west": {"uv": [0, 10, 1, 12], "texture": "#bottom", "cullface": "west"}, "down": {"uv": [0, 11, 1, 12], "texture": "#bottom", "cullface": "west"}}}, {"from": [-0.25, 15, 0], "to": [0, 16, 1], "faces": {"north": {"uv": [0, 0, 1, 1], "texture": "#bottom", "cullface": "west"}, "south": {"uv": [0, 0, 1, 1], "texture": "#bottom", "cullface": "west"}, "west": {"uv": [0, 0, 1, 1], "texture": "#bottom", "cullface": "west"}, "down": {"uv": [0, 0, 1, 1], "texture": "#bottom", "cullface": "west"}}}, {"from": [0, 16, 0], "to": [3, 32, 16], "rotation": {"angle": 0, "axis": "y", "origin": [8, 24, 8]}, "faces": {"north": {"uv": [3, 0, 0, 16], "texture": "#top", "cullface": "north"}, "east": {"uv": [16, 0, 0, 16], "texture": "#top"}, "south": {"uv": [0, 0, 3, 16], "texture": "#top", "cullface": "south"}, "west": {"uv": [0, 0, 16, 16], "texture": "#top", "cullface": "west"}, "up": {"uv": [13, 0, 16, 16], "texture": "#bottom", "cullface": "up"}}}, {"from": [0, 24, -0.25], "to": [3, 25, 0.25], "rotation": {"angle": 0, "axis": "y", "origin": [8, 24, 8]}, "faces": {"north": {"uv": [0, 7, 3, 8], "texture": "#top", "cullface": "north"}, "east": {"uv": [0, 7, 0.5, 8], "texture": "#top", "cullface": "north"}, "west": {"uv": [2, 7, 2.5, 8], "texture": "#top", "cullface": "north"}, "up": {"uv": [0, 7, 3, 8], "rotation": 180, "texture": "#top", "cullface": "north"}, "down": {"uv": [0, 7, 3, 8], "rotation": 180, "texture": "#top", "cullface": "north"}}}, {"from": [0, 29, -0.25], "to": [3, 30, 0.25], "rotation": {"angle": 0, "axis": "y", "origin": [8, 24, 8]}, "faces": {"north": {"uv": [0, 2, 3, 3], "texture": "#top", "cullface": "north"}, "east": {"uv": [0, 2, 0.5, 3], "texture": "#top", "cullface": "north"}, "west": {"uv": [2, 2, 2.5, 3], "texture": "#top", "cullface": "north"}, "up": {"uv": [0, 2, 3, 3], "texture": "#top", "cullface": "north"}, "down": {"uv": [0, 2, 3, 3], "texture": "#top", "cullface": "north"}}}, {"from": [3, 16.01, 11], "to": [3.25, 18.01, 14], "rotation": {"angle": 0, "axis": "y", "origin": [-5, 24, 8]}, "faces": {"north": {"uv": [11.25, 14, 11, 16], "texture": "#top"}, "east": {"uv": [14, 14, 11, 16], "texture": "#top"}, "south": {"uv": [13.25, 14, 13, 16], "texture": "#top"}, "up": {"uv": [11, 15, 14, 14], "rotation": 90, "texture": "#top"}, "down": {"uv": [11, 16, 14, 15], "rotation": 270, "texture": "#top"}}}, {"from": [3, 17, 14], "to": [3.25, 18, 15], "rotation": {"angle": 0, "axis": "y", "origin": [-5, 24, 8]}, "faces": {"east": {"uv": [15, 14, 14, 15], "texture": "#top"}, "south": {"uv": [14.25, 14, 14, 15], "texture": "#top"}, "up": {"uv": [14, 15, 15, 14], "rotation": 90, "texture": "#top"}, "down": {"uv": [14, 15, 15, 14], "rotation": 270, "texture": "#top"}}}, {"from": [3, 20, 14], "to": [3.25, 21, 15], "rotation": {"angle": 0, "axis": "y", "origin": [-5, 24, 8]}, "faces": {"north": {"uv": [15, 11, 14, 12], "texture": "#top"}, "east": {"uv": [15, 11, 14, 12], "texture": "#top"}, "south": {"uv": [15, 11, 14, 12], "texture": "#top"}, "up": {"uv": [14, 12, 15, 11], "rotation": 90, "texture": "#top"}, "down": {"uv": [14, 12, 15, 11], "rotation": 270, "texture": "#top"}}}, {"from": [3, 21, 14.99], "to": [3.25, 22, 15.99], "rotation": {"angle": 0, "axis": "y", "origin": [-5, 24, 8]}, "faces": {"north": {"uv": [16, 10, 15, 11], "texture": "#top"}, "east": {"uv": [16, 10, 15, 11], "texture": "#top"}, "south": {"uv": [16, 10, 15, 11], "texture": "#top"}, "up": {"uv": [15, 11, 16, 10], "rotation": 90, "texture": "#top"}, "down": {"uv": [15, 11, 16, 10], "rotation": 270, "texture": "#top"}}}, {"from": [3, 24, 14.99], "to": [3.25, 25, 15.99], "rotation": {"angle": 0, "axis": "y", "origin": [-5, 24, 8]}, "faces": {"north": {"uv": [16, 7, 15, 8], "texture": "#top"}, "east": {"uv": [16, 7, 15, 8], "texture": "#top"}, "south": {"uv": [16, 7, 15, 8], "texture": "#top"}, "up": {"uv": [16, 7, 15, 8], "texture": "#top"}, "down": {"uv": [16, 7, 15, 8], "texture": "#top"}}}, {"from": [3, 22, 12], "to": [3.25, 23, 13], "rotation": {"angle": 0, "axis": "y", "origin": [-5, 24, 8]}, "faces": {"north": {"uv": [13, 9, 12, 10], "texture": "#top"}, "east": {"uv": [13, 9, 12, 10], "texture": "#top"}, "south": {"uv": [13, 9, 12, 10], "texture": "#top"}, "up": {"uv": [12, 10, 13, 9], "rotation": 90, "texture": "#top"}, "down": {"uv": [12, 10, 13, 9], "rotation": 270, "texture": "#top"}}}, {"from": [3, 25, 3], "to": [3.25, 26, 4], "rotation": {"angle": 0, "axis": "y", "origin": [-5, 24, 8]}, "faces": {"north": {"uv": [4, 6, 3, 7], "texture": "#top"}, "east": {"uv": [4, 6, 3, 7], "texture": "#top"}, "south": {"uv": [4, 6, 3, 7], "texture": "#top"}, "up": {"uv": [3, 7, 4, 6], "rotation": 90, "texture": "#top"}, "down": {"uv": [3, 7, 4, 6], "rotation": 270, "texture": "#top"}}}, {"from": [3, 20, 11], "to": [3.25, 21, 12], "rotation": {"angle": 0, "axis": "y", "origin": [-5, 24, 8]}, "faces": {"north": {"uv": [12, 11, 11, 12], "texture": "#top"}, "east": {"uv": [12, 11, 11, 12], "texture": "#top"}, "south": {"uv": [12, 11, 11, 12], "texture": "#top"}, "up": {"uv": [11, 12, 12, 11], "rotation": 90, "texture": "#top"}, "down": {"uv": [11, 12, 12, 11], "rotation": 270, "texture": "#top"}}}, {"from": [3, 30, 12], "to": [3.25, 31, 13], "rotation": {"angle": 0, "axis": "y", "origin": [-5, 24, 8]}, "faces": {"north": {"uv": [13, 1, 12, 2], "texture": "#top"}, "east": {"uv": [13, 1, 12, 2], "texture": "#top"}, "south": {"uv": [13, 1, 12, 2], "texture": "#top"}, "up": {"uv": [13, 1, 12, 2], "texture": "#top"}, "down": {"uv": [13, 1, 12, 2], "texture": "#top"}}}, {"from": [3, 29, 7], "to": [3.25, 30, 8], "rotation": {"angle": 0, "axis": "y", "origin": [-5, 24, 8]}, "faces": {"north": {"uv": [8, 2, 7, 3], "texture": "#top"}, "east": {"uv": [8, 2, 7, 3], "texture": "#top"}, "south": {"uv": [8, 2, 7, 3], "texture": "#top"}, "up": {"uv": [8, 2, 7, 3], "texture": "#top"}, "down": {"uv": [8, 2, 7, 3], "texture": "#top"}}}, {"from": [3, 30, 8], "to": [3.25, 31, 9], "rotation": {"angle": 0, "axis": "y", "origin": [-5, 24, 8]}, "faces": {"north": {"uv": [1, 0, 0, 1], "texture": "#top"}, "east": {"uv": [1, 0, 0, 1], "texture": "#top"}, "south": {"uv": [1, 0, 0, 1], "texture": "#top"}, "up": {"uv": [1, 0, 0, 1], "texture": "#top"}, "down": {"uv": [1, 0, 0, 1], "texture": "#top"}}}, {"from": [3, 30.99, 9], "to": [3.25, 31.99, 12], "rotation": {"angle": 0, "axis": "y", "origin": [-5, 24, 8]}, "faces": {"north": {"uv": [9.25, 0, 9, 1], "texture": "#top"}, "east": {"uv": [12, 0, 9, 1], "texture": "#top"}, "south": {"uv": [9.25, 0, 9, 1], "texture": "#top"}, "up": {"uv": [12, 0, 9, 1], "rotation": 90, "texture": "#top"}, "down": {"uv": [12, 0, 9, 1], "rotation": 270, "texture": "#top"}}}, {"from": [3, 29, 12.99], "to": [3.25, 30, 15.99], "rotation": {"angle": 0, "axis": "y", "origin": [-5, 24, 8]}, "faces": {"north": {"uv": [16, 2, 13, 3], "texture": "#top"}, "east": {"uv": [16, 2, 13, 3], "texture": "#top"}, "south": {"uv": [15.25, 2, 15, 3], "texture": "#top"}, "up": {"uv": [16, 2, 13, 3], "rotation": 270, "texture": "#top"}, "down": {"uv": [16, 2, 13, 3], "rotation": 90, "texture": "#top"}}}, {"from": [3, 29, 0], "to": [3.25, 30, 3], "rotation": {"angle": 0, "axis": "y", "origin": [-5, 24, 8]}, "faces": {"north": {"uv": [1, 2, 0, 3], "texture": "#top", "cullface": "north"}, "east": {"uv": [3, 2, 0, 3], "texture": "#top"}, "south": {"uv": [3, 2, 0, 3], "texture": "#top"}, "up": {"uv": [0, 3, 3, 2], "rotation": 90, "texture": "#top"}, "down": {"uv": [0, 3, 3, 2], "rotation": 270, "texture": "#top"}}}, {"from": [3, 28, 3], "to": [3.25, 29, 7], "rotation": {"angle": 0, "axis": "y", "origin": [-5, 24, 8]}, "faces": {"north": {"uv": [3.25, 3, 3, 4], "texture": "#top"}, "east": {"uv": [7, 3, 3, 4], "texture": "#top"}, "south": {"uv": [7, 3, 3, 4], "texture": "#top"}, "up": {"uv": [3, 4, 7, 3], "rotation": 90, "texture": "#top"}, "down": {"uv": [3, 4, 7, 3], "rotation": 270, "texture": "#top"}}}, {"from": [3, 26, 4], "to": [3.25, 28, 5], "rotation": {"angle": 0, "axis": "y", "origin": [-5, 24, 8]}, "faces": {"north": {"uv": [5, 4, 4, 6], "texture": "#top"}, "east": {"uv": [5, 4, 4, 6], "texture": "#top"}, "south": {"uv": [5, 4, 4, 6], "texture": "#top"}, "down": {"uv": [4, 5, 5, 4], "rotation": 270, "texture": "#top"}}}, {"from": [3, 24, 0], "to": [3.25, 25, 3], "rotation": {"angle": 0, "axis": "y", "origin": [-5, 24, 8]}, "faces": {"north": {"uv": [1, 7, 0, 8], "texture": "#top", "cullface": "north"}, "east": {"uv": [3, 7, 0, 8], "texture": "#top"}, "south": {"uv": [3, 7, 0, 8], "texture": "#top"}, "up": {"uv": [0, 8, 3, 7], "rotation": 90, "texture": "#top"}, "down": {"uv": [0, 8, 3, 7], "rotation": 270, "texture": "#top"}}}, {"from": [3, 19, 12], "to": [3.25, 20, 14], "rotation": {"angle": 0, "axis": "y", "origin": [-5, 24, 8]}, "faces": {"north": {"uv": [14, 12, 12, 13], "texture": "#top"}, "east": {"uv": [14, 12, 12, 13], "texture": "#top"}, "south": {"uv": [14, 12, 12, 13], "texture": "#top"}, "up": {"uv": [12, 13, 14, 12], "rotation": 90, "texture": "#top"}, "down": {"uv": [12, 13, 14, 12], "rotation": 270, "texture": "#top"}}}, {"from": [3, 23, 13], "to": [3.25, 24, 15], "rotation": {"angle": 0, "axis": "y", "origin": [-5, 24, 8]}, "faces": {"north": {"uv": [15, 8, 13, 9], "texture": "#top"}, "east": {"uv": [15, 8, 13, 9], "texture": "#top"}, "south": {"uv": [15, 8, 13, 9], "texture": "#top"}, "up": {"uv": [13, 9, 15, 8], "rotation": 90, "texture": "#top"}, "down": {"uv": [13, 9, 15, 8], "rotation": 270, "texture": "#top"}}}, {"from": [3, 21, 9], "to": [3.25, 22, 11], "rotation": {"angle": 0, "axis": "y", "origin": [-5, 24, 8]}, "faces": {"north": {"uv": [11, 10, 9, 11], "texture": "#top"}, "east": {"uv": [11, 10, 9, 11], "texture": "#top"}, "south": {"uv": [11, 10, 9, 11], "texture": "#top"}, "up": {"uv": [9, 11, 11, 10], "rotation": 90, "texture": "#top"}, "down": {"uv": [9, 11, 11, 10], "rotation": 270, "texture": "#top"}}}, {"from": [3, 20, 8], "to": [3.25, 21, 10], "rotation": {"angle": 0, "axis": "y", "origin": [-5, 24, 8]}, "faces": {"north": {"uv": [9, 11, 8, 12], "texture": "#top"}, "east": {"uv": [10, 11, 8, 12], "texture": "#top"}, "south": {"uv": [10, 11, 9, 12], "texture": "#top"}, "up": {"uv": [8, 12, 10, 11], "rotation": 90, "texture": "#top"}, "down": {"uv": [8, 12, 10, 11], "rotation": 270, "texture": "#top"}}}, {"from": [3, 16.01, 7], "to": [3.25, 20.01, 8], "rotation": {"angle": 0, "axis": "y", "origin": [-5, 24, 8]}, "faces": {"north": {"uv": [8, 12, 7, 16], "texture": "#top"}, "east": {"uv": [8, 12, 7, 16], "texture": "#top"}, "south": {"uv": [8, 12, 7, 16], "texture": "#top"}, "up": {"uv": [7, 13, 8, 12], "rotation": 90, "texture": "#top"}, "down": {"uv": [7, 13, 8, 12], "rotation": 270, "texture": "#top"}}}, {"from": [0, 24, 16], "to": [3, 25, 16.25], "rotation": {"angle": 0, "axis": "y", "origin": [8, 24, 8]}, "faces": {"east": {"uv": [3, 7, 2, 8], "texture": "#top", "cullface": "south"}, "south": {"uv": [3, 7, 0, 8], "rotation": 180, "texture": "#top", "cullface": "south"}, "west": {"uv": [1, 7, 0, 8], "texture": "#top", "cullface": "south"}, "up": {"uv": [0, 8, 3, 7], "texture": "#top", "cullface": "south"}, "down": {"uv": [0, 8, 3, 7], "texture": "#top", "cullface": "south"}}}, {"from": [0.01, 29, 16], "to": [2.99, 30, 16.25], "rotation": {"angle": 0, "axis": "y", "origin": [8, 24, 8]}, "faces": {"east": {"uv": [3, 2, 2, 3], "texture": "#top", "cullface": "south"}, "south": {"uv": [3, 2, 0, 3], "texture": "#top", "cullface": "south"}, "west": {"uv": [2.25, 2, 2, 3], "texture": "#top", "cullface": "south"}, "up": {"uv": [0, 3, 3, 2], "rotation": 180, "texture": "#top", "cullface": "south"}, "down": {"uv": [0, 3, 3, 2], "rotation": 180, "texture": "#top", "cullface": "south"}}}, {"from": [-0.25, 16.01, 11], "to": [0, 18.01, 14], "rotation": {"angle": 0, "axis": "y", "origin": [8, 24, 8]}, "faces": {"north": {"uv": [11, 14, 11.25, 16], "texture": "#top", "cullface": "west"}, "south": {"uv": [13, 14, 13.25, 16], "texture": "#top", "cullface": "west"}, "west": {"uv": [11, 14, 14, 16], "texture": "#top", "cullface": "west"}, "up": {"uv": [11, 14, 14, 15], "rotation": 90, "texture": "#top", "cullface": "west"}, "down": {"uv": [11, 15, 14, 16], "rotation": 270, "texture": "#top", "cullface": "west"}}}, {"from": [-0.25, 17, 14], "to": [0, 18, 15], "rotation": {"angle": 0, "axis": "y", "origin": [8, 24, 8]}, "faces": {"south": {"uv": [14, 14, 15, 15], "texture": "#top", "cullface": "west"}, "west": {"uv": [14, 14, 15, 15], "texture": "#top", "cullface": "west"}, "up": {"uv": [14, 14, 15, 15], "rotation": 90, "texture": "#top", "cullface": "west"}, "down": {"uv": [14, 14, 15, 15], "rotation": 270, "texture": "#top", "cullface": "west"}}}, {"from": [-0.25, 20, 14], "to": [0, 21, 15], "rotation": {"angle": 0, "axis": "y", "origin": [8, 24, 8]}, "faces": {"north": {"uv": [14, 11, 15, 12], "texture": "#top", "cullface": "west"}, "south": {"uv": [14, 11, 15, 12], "texture": "#top", "cullface": "west"}, "west": {"uv": [14, 11, 15, 12], "texture": "#top", "cullface": "west"}, "up": {"uv": [14, 11, 15, 12], "rotation": 90, "texture": "#top", "cullface": "west"}, "down": {"uv": [14, 11, 15, 12], "rotation": 270, "texture": "#top", "cullface": "west"}}}, {"from": [-0.25, 21, 14.99], "to": [0, 22, 15.99], "rotation": {"angle": 0, "axis": "y", "origin": [8, 24, 8]}, "faces": {"north": {"uv": [15, 10, 16, 11], "texture": "#top", "cullface": "west"}, "south": {"uv": [15, 10, 16, 11], "texture": "#top", "cullface": "west"}, "west": {"uv": [15, 10, 16, 11], "texture": "#top", "cullface": "west"}, "up": {"uv": [15, 10, 16, 11], "rotation": 90, "texture": "#top", "cullface": "west"}, "down": {"uv": [15, 10, 16, 11], "rotation": 270, "texture": "#top", "cullface": "west"}}}, {"from": [-0.25, 24, 14.99], "to": [0, 25, 15.99], "rotation": {"angle": 0, "axis": "y", "origin": [8, 24, 8]}, "faces": {"north": {"uv": [15, 7, 16, 8], "texture": "#top", "cullface": "west"}, "south": {"uv": [15, 7, 16, 8], "texture": "#top", "cullface": "west"}, "west": {"uv": [15, 7, 16, 8], "texture": "#top", "cullface": "west"}, "up": {"uv": [15, 7, 16, 8], "texture": "#top", "cullface": "west"}, "down": {"uv": [15, 7, 16, 8], "texture": "#top", "cullface": "west"}}}, {"from": [-0.25, 22, 12], "to": [0, 23, 13], "rotation": {"angle": 0, "axis": "y", "origin": [8, 24, 8]}, "faces": {"north": {"uv": [12, 9, 13, 10], "texture": "#top", "cullface": "west"}, "south": {"uv": [12, 9, 13, 10], "texture": "#top", "cullface": "west"}, "west": {"uv": [12, 9, 13, 10], "texture": "#top", "cullface": "west"}, "up": {"uv": [12, 9, 13, 10], "rotation": 90, "texture": "#top", "cullface": "west"}, "down": {"uv": [12, 9, 13, 10], "rotation": 270, "texture": "#top", "cullface": "west"}}}, {"from": [-0.25, 25, 3], "to": [0, 26, 4], "rotation": {"angle": 0, "axis": "y", "origin": [8, 24, 8]}, "faces": {"north": {"uv": [3, 6, 4, 7], "texture": "#top", "cullface": "west"}, "south": {"uv": [3, 6, 4, 7], "texture": "#top", "cullface": "west"}, "west": {"uv": [3, 6, 4, 7], "texture": "#top", "cullface": "west"}, "up": {"uv": [3, 6, 4, 7], "rotation": 90, "texture": "#top", "cullface": "west"}, "down": {"uv": [3, 6, 4, 7], "rotation": 270, "texture": "#top", "cullface": "west"}}}, {"from": [-0.25, 20, 11], "to": [0, 21, 12], "rotation": {"angle": 0, "axis": "y", "origin": [8, 24, 8]}, "faces": {"north": {"uv": [11, 11, 12, 12], "texture": "#top", "cullface": "west"}, "south": {"uv": [11, 11, 12, 12], "texture": "#top", "cullface": "west"}, "west": {"uv": [11, 11, 12, 12], "texture": "#top", "cullface": "west"}, "up": {"uv": [11, 11, 12, 12], "rotation": 90, "texture": "#top", "cullface": "west"}, "down": {"uv": [11, 11, 12, 12], "rotation": 270, "texture": "#top", "cullface": "west"}}}, {"from": [-0.25, 30, 12], "to": [0, 31, 13], "rotation": {"angle": 0, "axis": "y", "origin": [8, 24, 8]}, "faces": {"north": {"uv": [12, 1, 13, 2], "texture": "#top", "cullface": "west"}, "south": {"uv": [12, 1, 13, 2], "texture": "#top", "cullface": "west"}, "west": {"uv": [12, 1, 13, 2], "texture": "#top", "cullface": "west"}, "up": {"uv": [12, 1, 13, 2], "texture": "#top", "cullface": "west"}, "down": {"uv": [12, 1, 13, 2], "texture": "#top", "cullface": "west"}}}, {"from": [-0.25, 29, 7], "to": [0, 30, 8], "rotation": {"angle": 0, "axis": "y", "origin": [8, 24, 8]}, "faces": {"north": {"uv": [7, 2, 8, 3], "texture": "#top", "cullface": "west"}, "south": {"uv": [7, 2, 8, 3], "texture": "#top", "cullface": "west"}, "west": {"uv": [7, 2, 8, 3], "texture": "#top", "cullface": "west"}, "up": {"uv": [7, 2, 8, 3], "texture": "#top", "cullface": "west"}, "down": {"uv": [7, 2, 8, 3], "texture": "#top", "cullface": "west"}}}, {"from": [-0.25, 30, 8], "to": [0, 31, 9], "rotation": {"angle": 0, "axis": "y", "origin": [8, 24, 8]}, "faces": {"north": {"uv": [0, 0, 1, 1], "texture": "#top", "cullface": "west"}, "south": {"uv": [0, 0, 1, 1], "texture": "#top", "cullface": "west"}, "west": {"uv": [0, 0, 1, 1], "texture": "#top", "cullface": "west"}, "up": {"uv": [0, 0, 1, 1], "texture": "#top", "cullface": "west"}, "down": {"uv": [0, 0, 1, 1], "texture": "#top", "cullface": "west"}}}, {"from": [-0.25, 30.99, 9], "to": [0, 31.99, 12], "rotation": {"angle": 0, "axis": "y", "origin": [8, 24, 8]}, "faces": {"north": {"uv": [9, 0, 9.25, 1], "texture": "#top", "cullface": "west"}, "south": {"uv": [11, 0, 11.25, 1], "texture": "#top", "cullface": "west"}, "west": {"uv": [9, 0, 12, 1], "texture": "#top", "cullface": "west"}, "up": {"uv": [9, 0, 12, 1], "rotation": 180, "texture": "#top", "cullface": "west"}, "down": {"uv": [9, 0, 12, 1], "rotation": 90, "texture": "#top", "cullface": "west"}}}, {"from": [-0.25, 29, 12.99], "to": [0, 30, 15.99], "rotation": {"angle": 0, "axis": "y", "origin": [8, 24, 8]}, "faces": {"north": {"uv": [13, 2, 13.25, 3], "texture": "#top", "cullface": "west"}, "south": {"uv": [15, 2, 15.25, 3], "texture": "#top", "cullface": "west"}, "west": {"uv": [13, 2, 16, 3], "texture": "#top", "cullface": "west"}, "up": {"uv": [13, 2, 16, 3], "rotation": 90, "texture": "#top", "cullface": "west"}, "down": {"uv": [13, 2, 16, 3], "rotation": 270, "texture": "#top", "cullface": "west"}}}, {"from": [-0.25, 29, 0], "to": [0, 30, 3], "rotation": {"angle": 0, "axis": "y", "origin": [8, 24, 8]}, "faces": {"north": {"uv": [0, 2, 0.25, 3], "texture": "#top", "cullface": "west"}, "south": {"uv": [2, 2, 2.25, 3], "texture": "#top", "cullface": "west"}, "west": {"uv": [0, 2, 3, 3], "texture": "#top", "cullface": "west"}, "up": {"uv": [0, 2, 3, 3], "rotation": 90, "texture": "#top", "cullface": "west"}, "down": {"uv": [0, 2, 3, 3], "rotation": 270, "texture": "#top", "cullface": "west"}}}, {"from": [-0.25, 28, 3], "to": [0, 29, 7], "rotation": {"angle": 0, "axis": "y", "origin": [8, 24, 8]}, "faces": {"north": {"uv": [3, 3, 3.25, 4], "texture": "#top", "cullface": "west"}, "south": {"uv": [6, 3, 6.25, 4], "texture": "#top", "cullface": "west"}, "west": {"uv": [3, 3, 7, 4], "texture": "#top", "cullface": "west"}, "up": {"uv": [3, 3, 7, 4], "rotation": 90, "texture": "#top", "cullface": "west"}, "down": {"uv": [3, 3, 7, 4], "rotation": 270, "texture": "#top", "cullface": "west"}}}, {"from": [-0.25, 26, 4], "to": [0, 28, 5], "rotation": {"angle": 0, "axis": "y", "origin": [8, 24, 8]}, "faces": {"north": {"uv": [4, 4, 5, 6], "texture": "#top", "cullface": "west"}, "south": {"uv": [4, 4, 5, 6], "texture": "#top", "cullface": "west"}, "west": {"uv": [4, 4, 5, 6], "texture": "#top", "cullface": "west"}, "down": {"uv": [4, 4, 5, 5], "rotation": 270, "texture": "#top", "cullface": "west"}}}, {"from": [-0.25, 24, 0], "to": [0, 25, 3], "rotation": {"angle": 0, "axis": "y", "origin": [8, 24, 8]}, "faces": {"north": {"uv": [0, 7, 0.25, 8], "texture": "#top", "cullface": "west"}, "south": {"uv": [2, 7, 2.25, 8], "texture": "#top", "cullface": "west"}, "west": {"uv": [0, 7, 3, 8], "texture": "#top", "cullface": "west"}, "up": {"uv": [0, 7, 3, 8], "rotation": 90, "texture": "#top", "cullface": "west"}, "down": {"uv": [0, 7, 3, 8], "rotation": 270, "texture": "#top", "cullface": "west"}}}, {"from": [-0.25, 19, 12], "to": [0, 20, 14], "rotation": {"angle": 0, "axis": "y", "origin": [8, 24, 8]}, "faces": {"north": {"uv": [12, 12, 14, 13], "texture": "#top", "cullface": "west"}, "south": {"uv": [12, 12, 14, 13], "texture": "#top", "cullface": "west"}, "west": {"uv": [12, 12, 14, 13], "texture": "#top", "cullface": "west"}, "up": {"uv": [12, 12, 14, 13], "rotation": 90, "texture": "#top", "cullface": "west"}, "down": {"uv": [12, 12, 14, 13], "rotation": 270, "texture": "#top", "cullface": "west"}}}, {"from": [-0.25, 23, 13], "to": [0, 24, 15], "rotation": {"angle": 0, "axis": "y", "origin": [8, 24, 8]}, "faces": {"north": {"uv": [13, 8, 13.25, 9], "texture": "#top", "cullface": "west"}, "south": {"uv": [14, 8, 14.25, 9], "texture": "#top", "cullface": "west"}, "west": {"uv": [13, 8, 15, 9], "texture": "#top", "cullface": "west"}, "up": {"uv": [13, 8, 15, 9], "rotation": 90, "texture": "#top", "cullface": "west"}, "down": {"uv": [13, 8, 15, 9], "rotation": 270, "texture": "#top", "cullface": "west"}}}, {"from": [-0.25, 21, 9], "to": [0, 22, 11], "rotation": {"angle": 0, "axis": "y", "origin": [8, 24, 8]}, "faces": {"north": {"uv": [9, 10, 11, 11], "texture": "#top", "cullface": "west"}, "south": {"uv": [9, 10, 11, 11], "texture": "#top", "cullface": "west"}, "west": {"uv": [9, 10, 11, 11], "texture": "#top", "cullface": "west"}, "up": {"uv": [9, 10, 11, 11], "rotation": 90, "texture": "#top", "cullface": "west"}, "down": {"uv": [9, 10, 11, 11], "rotation": 270, "texture": "#top", "cullface": "west"}}}, {"from": [-0.25, 20, 8], "to": [0, 21, 10], "rotation": {"angle": 0, "axis": "y", "origin": [8, 24, 8]}, "faces": {"north": {"uv": [8, 11, 8.25, 12], "texture": "#top", "cullface": "west"}, "south": {"uv": [9, 11, 9.25, 12], "texture": "#top", "cullface": "west"}, "west": {"uv": [8, 11, 10, 12], "texture": "#top", "cullface": "west"}, "up": {"uv": [8, 11, 10, 12], "rotation": 90, "texture": "#top", "cullface": "west"}, "down": {"uv": [8, 11, 10, 12], "rotation": 270, "texture": "#top", "cullface": "west"}}}, {"from": [-0.25, 16.01, 7], "to": [0, 20.01, 8], "rotation": {"angle": 0, "axis": "y", "origin": [8, 24, 8]}, "faces": {"north": {"uv": [7, 12, 8, 16], "texture": "#top", "cullface": "west"}, "south": {"uv": [7, 12, 8, 16], "texture": "#top", "cullface": "west"}, "west": {"uv": [7, 12, 8, 16], "texture": "#top", "cullface": "west"}, "up": {"uv": [7, 12, 8, 13], "rotation": 90, "texture": "#top", "cullface": "west"}, "down": {"uv": [7, 12, 8, 13], "rotation": 270, "texture": "#top", "cullface": "west"}}}, {"from": [-0.25, 16, 0], "to": [0, 17, 1], "rotation": {"angle": 0, "axis": "y", "origin": [8, 24, 8]}, "faces": {"north": {"uv": [0, 15, 1, 16], "texture": "#top", "cullface": "west"}, "south": {"uv": [0, 15, 1, 16], "texture": "#top", "cullface": "west"}, "west": {"uv": [0, 15, 1, 16], "texture": "#top", "cullface": "west"}, "up": {"uv": [0, 15, 1, 16], "texture": "#top", "cullface": "west"}}}, {"from": [-0.25, 26, 0], "to": [0, 28, 1], "rotation": {"angle": 0, "axis": "y", "origin": [8, 34, 8]}, "faces": {"north": {"uv": [0, 4, 1, 6], "texture": "#top", "cullface": "west"}, "south": {"uv": [0, 4, 1, 6], "texture": "#top", "cullface": "west"}, "west": {"uv": [0, 4, 1, 6], "texture": "#top", "cullface": "west"}, "up": {"uv": [0, 4, 1, 5], "texture": "#top", "cullface": "west"}, "down": {"uv": [0, 5, 1, 6], "texture": "#top", "cullface": "west"}}}, {"from": [0.01, 16, -0.25], "to": [1.01, 17, 0], "rotation": {"angle": 0, "axis": "y", "origin": [8, 24, 8]}, "faces": {"north": {"uv": [1, 15, 0, 16], "texture": "#top", "cullface": "north"}, "east": {"uv": [1, 15, 0, 16], "texture": "#top", "cullface": "north"}, "west": {"uv": [1, 15, 0, 16], "texture": "#top", "cullface": "north"}, "up": {"uv": [0, 16, 1, 15], "rotation": 90, "texture": "#top", "cullface": "north"}}}, {"from": [0.01, 26, -0.25], "to": [1.01, 28, 0], "rotation": {"angle": 0, "axis": "y", "origin": [8, 34, 8]}, "faces": {"north": {"uv": [1, 4, 0, 6], "texture": "#top", "cullface": "north"}, "east": {"uv": [1, 4, 0, 6], "texture": "#top", "cullface": "north"}, "west": {"uv": [1, 4, 0, 6], "texture": "#top", "cullface": "north"}, "up": {"uv": [0, 5, 1, 4], "rotation": 90, "texture": "#top", "cullface": "north"}, "down": {"uv": [0, 6, 1, 5], "rotation": 270, "texture": "#top"}}}, {"from": [0.01, 16, 16], "to": [1.01, 17, 16.25], "rotation": {"angle": 0, "axis": "y", "origin": [8, 24, 8]}, "faces": {"east": {"uv": [0, 15, 1, 16], "texture": "#top", "cullface": "south"}, "south": {"uv": [0, 15, 1, 16], "texture": "#top", "cullface": "south"}, "west": {"uv": [0, 15, 1, 16], "texture": "#top", "cullface": "south"}, "up": {"uv": [1, 16, 0, 15], "rotation": 90, "texture": "#top", "cullface": "south"}}}, {"from": [0.01, 26, 16], "to": [1.01, 28, 16.25], "rotation": {"angle": 0, "axis": "y", "origin": [8, 34, 8]}, "faces": {"east": {"uv": [0, 4, 1, 6], "texture": "#top", "cullface": "south"}, "south": {"uv": [0, 4, 1, 6], "texture": "#top", "cullface": "south"}, "west": {"uv": [0, 4, 1, 6], "texture": "#top", "cullface": "south"}, "up": {"uv": [1, 5, 0, 4], "rotation": 90, "texture": "#top", "cullface": "south"}, "down": {"uv": [1, 6, 0, 5], "rotation": 270, "texture": "#top", "cullface": "south"}}}, {"from": [3, 16, 0], "to": [3.25, 17, 1], "rotation": {"angle": 0, "axis": "y", "origin": [-5, 24, 8]}, "faces": {"north": {"uv": [1, 15, 0, 16], "texture": "#top", "cullface": "east"}, "east": {"uv": [1, 15, 0, 16], "texture": "#top", "cullface": "east"}, "south": {"uv": [1, 15, 0, 16], "texture": "#top", "cullface": "east"}, "up": {"uv": [1, 15, 0, 16], "texture": "#top", "cullface": "east"}}}, {"from": [3, 26, 0], "to": [3.25, 28, 1], "rotation": {"angle": 0, "axis": "y", "origin": [-5, 34, 8]}, "faces": {"north": {"uv": [1, 4, 0, 6], "texture": "#top", "cullface": "east"}, "east": {"uv": [1, 4, 0, 6], "texture": "#top", "cullface": "east"}, "south": {"uv": [1, 4, 0, 6], "texture": "#top", "cullface": "east"}, "up": {"uv": [1, 4, 0, 5], "texture": "#top", "cullface": "east"}, "down": {"uv": [1, 5, 0, 6], "texture": "#top", "cullface": "east"}}}], "groups": [0, {"name": "north", "origin": [8, 8, 8], "children": [1, 2, 3, 4, 5, 6]}, {"name": "east", "origin": [8, 8, 8], "children": [7, 8, 9, 10, 11, 12, 13, 14, 15, 16, 17, 18, 19, 20, 21, 22, 23, 24, 25, 26, 27]}, {"name": "south", "origin": [8, 8, 8], "children": [28, 29, 30, 31, 32, 33]}, {"name": "west", "origin": [8, 8, 8], "children": [34, 35, 36, 37, 38, 39, 40, 41, 42, 43, 44, 45, 46, 47, 48, 49, 50, 51, 52, 53, 54]}, {"name": "door_hinges_bottom", "origin": [8, 8, 8], "children": [{"name": "north", "origin": [8, 8, 8], "children": [55, 56]}, {"name": "east", "origin": [8, 8, 8], "children": [57, 58]}, {"name": "south", "origin": [8, 8, 8], "children": [59, 60]}, {"name": "west", "origin": [8, 8, 8], "children": [61, 62]}]}, {"name": "warped_door_top", "origin": [8, 8, 8], "children": [63, {"name": "north", "origin": [8, 8, 8], "children": [64, 65]}, {"name": "east", "origin": [8, 8, 8], "children": [66, 67, 68, 69, 70, 71, 72, 73, 74, 75, 76, 77, 78, 79, 80, 81, 82, 83, 84, 85, 86, 87]}, {"name": "south", "origin": [8, 8, 8], "children": [88, 89]}, {"name": "west", "origin": [8, 8, 8], "children": [90, 91, 92, 93, 94, 95, 96, 97, 98, 99, 100, 101, 102, 103, 104, 105, 106, 107, 108, 109, 110, 111]}, {"name": "door_hinges_top", "origin": [8, 8, 8], "children": [{"name": "west", "origin": [8, 8, 8], "children": [112, 113]}, {"name": "north", "origin": [8, 8, 8], "children": [114, 115]}, {"name": "south", "origin": [8, 8, 8], "children": [116, 117]}, {"name": "east", "origin": [8, 8, 8], "children": [118, 119]}]}]}]}